code,area,date,median_salary,life_satisfaction,mean_salary,recycling_pct,population_size,number_of_jobs,area_size,no_of_houses,borough_flag
E09000001,city of london,12/1/99,33020,,48922.0,0,6581,,,,1
E09000002,barking and dagenham,12/1/99,21480,,23620.0,3,162444,,,,1
E09000003,barnet,12/1/99,19568,,23128.0,8,313469,,,,1
E09000004,bexley,12/1/99,18621,,21386.0,18,217458,,,,1
E09000005,brent,12/1/99,18532,,20911.0,6,260317,,,,1
E09000006,bromley,12/1/99,16720,,21293.0,13,294902,,,,1
E09000007,camden,12/1/99,23677,,30249.0,13,190003,,,,1
E09000008,croydon,12/1/99,19563,,22205.0,13,332066,,,,1
E09000009,ealing,12/1/99,20580,,25046.0,12,302252,,,,1
E09000010,enfield,12/1/99,19289,,21006.0,9,272731,,,,1
E09000011,greenwich,12/1/99,21236,,22263.0,4,212168,,,,1
E09000012,hackney,12/1/99,23249,,39629.0,2,199087,,,,1
E09000013,hammersmith and fulham,12/1/99,25000,,28555.0,7,160634,,,,1
E09000014,haringey,12/1/99,18783,,21683.0,5,218559,,,,1
E09000015,harrow,12/1/99,20596,,22824.0,10,207909,,,,1
E09000016,havering,12/1/99,17165,,18786.0,8,225712,,,,1
E09000017,hillingdon,12/1/99,24002,,28854.0,11,245053,,,,1
E09000018,hounslow,12/1/99,20155,,24602.0,14,214298,,,,1
E09000019,islington,12/1/99,25113,,34180.0,2,175717,,,,1
E09000020,kensington and chelsea,12/1/99,20646,,28074.0,13,147678,,,,1
E09000021,kingston upon thames,12/1/99,19302,,22967.0,18,146003,,,,1
E09000022,lambeth,12/1/99,23151,,27930.0,8,266817,,,,1
E09000023,lewisham,12/1/99,20580,,23283.0,4,250310,,,,1
E09000024,merton,12/1/99,18962,,21867.0,11,185062,,,,1
E09000025,newham,12/1/99,18862,,20580.0,3,240517,,,,1
E09000026,redbridge,12/1/99,19580,,22087.0,8,238138,,,,1
E09000027,richmond upon thames,12/1/99,22321,,25832.0,na,172782,,,,1
E09000028,southwark,12/1/99,22784,,26994.0,3,247853,,,,1
E09000029,sutton,12/1/99,19582,,22725.0,27,179375,,,,1
E09000030,tower hamlets,12/1/99,26376,,37524.0,3,193507,,,,1
E09000031,waltham forest,12/1/99,18547,,19888.0,9,221057,,,,1
E09000032,wandsworth,12/1/99,21321,,24707.0,7,264220,,,,1
E09000033,westminster,12/1/99,24447,,36167.0,7,189233,,,,1
E12000001,north east,12/1/99,16282,,18351.0,5,2550314,,,,0
E12000002,north west,12/1/99,16977,,19609.0,7,6773115,,,,0
E12000003,yorkshire and the humber,12/1/99,16527,,18977.0,7,4956325,,,,0
E12000004,east midlands,12/1/99,16392,,18864.0,11,4152443,,,,0
E12000005,west midlands,12/1/99,17000,,19686.0,9,5271959,,,,0
E12000006,east,12/1/99,18000,,20866.0,14,5338722,,,,0
E12000007,london,12/1/99,22487,,29640.0,9,7153912,,,,0
E12000008,south east,12/1/99,18737,,22361.0,15,7955124,,,,0
E12000009,south west,12/1/99,16727,,19203.0,14,4880958,,,,0
E13000001,inner london,12/1/99,,,-,,2750716,,,,0
E13000002,outer london,12/1/99,,,-,,4403196,,,,0
E92000001,england,12/1/99,17939,,21561.0,10,49032872,,,,0
K02000001,united kingdom,12/1/99,17803,,21314.0,,58684427,,,,0
K03000001,great britain,12/1/99,17866,,21379.0,,57005421,,,,0
K04000001,england and wales,12/1/99,17974,,21549.0,,51933471,,,,0
N92000002,northern ireland,12/1/99,15798,,19093.0,,1679006,,,,0
S92000003,scotland,12/1/99,16914,,19667.0,,5071950,,,,0
W92000004,wales,12/1/99,16457,,18486.0,,2900599,,,,0
E09000001,city of london,12/1/00,34903,,52203.0,0,7014,361000,,,1
E09000002,barking and dagenham,12/1/00,22618,,24696.0,4,163893,57000,,,1
E09000003,barnet,12/1/00,21761,,25755.0,8,315784,138000,,,1
E09000004,bexley,12/1/00,19363,,22580.0,17,218717,76000,,,1
E09000005,brent,12/1/00,22348,,23726.0,7,264945,122000,,,1
E09000006,bromley,12/1/00,16401,,21178.0,13,295317,115000,,,1
E09000007,camden,12/1/00,25484,,34864.0,16,196174,291000,,,1
E09000008,croydon,12/1/00,21339,,23440.0,12,334241,160000,,,1
E09000009,ealing,12/1/00,22512,,26615.0,12,304370,134000,,,1
E09000010,enfield,12/1/00,22467,,25198.0,8,275068,113000,,,1
E09000011,greenwich,12/1/00,22121,,23689.0,5,214438,84000,,,1
E09000012,hackney,12/1/00,24083,,,1,203381,102000,,,1
E09000013,hammersmith and fulham,12/1/00,25264,,28742.0,8,164393,120000,,,1
E09000014,haringey,12/1/00,19772,,,5,219845,74000,,,1
E09000015,harrow,12/1/00,22238,,24973.0,11,209114,81000,,,1
E09000016,havering,12/1/00,17418,,19309.0,6,225141,89000,,,1
E09000017,hillingdon,12/1/00,25038,,29755.0,13,245911,177000,,,1
E09000018,hounslow,12/1/00,23230,,27632.0,13,214731,146000,,,1
E09000019,islington,12/1/00,26598,,35135.0,5,177852,173000,,,1
E09000020,kensington and chelsea,12/1/00,22952,,28782.0,8,154661,147000,,,1
E09000021,kingston upon thames,12/1/00,20983,,25225.0,20,147328,85000,,,1
E09000022,lambeth,12/1/00,24264,,28750.0,9,270028,140000,,,1
E09000023,lewisham,12/1/00,22357,,22659.0,5,252106,76000,,,1
E09000024,merton,12/1/00,18906,,22987.0,18,188196,84000,,,1
E09000025,newham,12/1/00,19437,,21609.0,3,245463,79000,,,1
E09000026,redbridge,12/1/00,20256,,22421.0,9,239868,83000,,,1
E09000027,richmond upon thames,12/1/00,22574,,27702.0,15,172920,82000,,,1
E09000028,southwark,12/1/00,24857,,29101.0,3,252726,182000,,,1
E09000029,sutton,12/1/00,22019,,26891.0,25,180485,78000,,,1
E09000030,tower hamlets,12/1/00,28445,,47253.0,3,197133,152000,,,1
E09000031,waltham forest,12/1/00,19776,,22009.0,9,221296,74000,,,1
E09000032,wandsworth,12/1/00,22840,,26862.0,7,267695,127000,,,1
E09000033,westminster,12/1/00,25951,,40903.0,7,196478,616000,,,1
E12000001,north east,12/1/00,17430,,19560.0,4,2543421,1069000,,,0
E12000002,north west,12/1/00,17863,,20670.0,8,6774223,3196000,,,0
E12000003,yorkshire and the humber,12/1/00,17503,,20018.0,7,4958609,2360000,,,0
E12000004,east midlands,12/1/00,17352,,20144.0,13,4168076,1995000,,,0
E12000005,west midlands,12/1/00,17812,,20631.0,9,5269626,2588000,,,0
E12000006,east,12/1/00,19020,,22424.0,15,5374972,2621000,,,0
E12000007,london,12/1/00,24204,,33000.0,9,7236712,4618000,,,0
E12000008,south east,12/1/00,19992,,23867.0,16,7990598,4300000,,,0
E12000009,south west,12/1/00,17847,,20482.0,15,4917074,2464000,,,0
E13000001,inner london,12/1/00,,,-,,2804949,,,,0
E13000002,outer london,12/1/00,,,-,,4431763,,,,0
E92000001,england,12/1/00,19107,,23319.0,11,49233311,25210000,,,0
K02000001,united kingdom,12/1/00,18848,,22801.0,,58886065,29735000,,,0
K03000001,great britain,12/1/00,18915,,22908.0,,57203121,28973000,,,0
K04000001,england and wales,12/1/00,19000,,23131.0,,52140181,26464000,,,0
N92000002,northern ireland,12/1/00,16599,,19112.0,,1682944,762000,,,0
S92000003,scotland,12/1/00,18029,,20678.0,,5062940,2509000,,,0
W92000004,wales,12/1/00,17157,,19507.0,,2906870,1255000,,,0
E09000001,city of london,12/1/01,39104,,62819.0,0,7359,339000,315,5009,1
E09000002,barking and dagenham,12/1/01,22323,,26050.0,3,165654,54000,3780,68298,1
E09000003,barnet,12/1/01,20916,,26068.0,8,319481,138000,8675,130515,1
E09000004,bexley,12/1/01,20217,,23559.0,20,218757,75000,6429,91606,1
E09000005,brent,12/1/01,21878,,24164.0,7,269620,116000,4323,101427,1
E09000006,bromley,12/1/01,15684,,19749.0,14,296218,114000,15013,128717,1
E09000007,camden,12/1/01,27386,,40033.0,12,202567,294000,2179,93112,1
E09000008,croydon,12/1/01,20889,,23994.0,12,335112,156000,8650,141300,1
E09000009,ealing,12/1/01,23862,,29516.0,13,307276,134000,5554,120331,1
E09000010,enfield,12/1/01,24136,,27605.0,13,277266,111000,8220,112948,1
E09000011,greenwich,12/1/01,20761,,23932.0,7,217460,71000,5044,95406,1
E09000012,hackney,12/1/01,24095,,,1,207246,108000,1905,87208,1
E09000013,hammersmith and fulham,12/1/01,26319,,30968.0,8,169374,123000,1715,77095,1
E09000014,haringey,12/1/01,20349,,21748.0,5,221251,75000,2960,93638,1
E09000015,harrow,12/1/01,22960,,26650.0,13,210044,80000,5046,80734,1
E09000016,havering,12/1/01,17940,,20002.0,9,224717,88000,11446,93792,1
E09000017,hillingdon,12/1/01,26051,,30465.0,20,245616,185000,11570,99060,1
E09000018,hounslow,12/1/01,22853,,28795.0,16,215976,150000,5659,85810,1
E09000019,islington,12/1/01,28323,,44989.0,6,179387,168000,1486,83244,1
E09000020,kensington and chelsea,12/1/01,24979,,32475.0,9,162199,149000,1238,83751,1
E09000021,kingston upon thames,12/1/01,21427,,27219.0,18,149045,82000,3726,62474,1
E09000022,lambeth,12/1/01,24019,,30242.0,8,273372,130000,2725,120390,1
E09000023,lewisham,12/1/01,21990,,24850.0,6,254336,75000,3532,108964,1
E09000024,merton,12/1/01,21014,,25615.0,15,191106,81000,3762,80789,1
E09000025,newham,12/1/01,21054,,27763.0,3,249411,79000,3857,93390,1
E09000026,redbridge,12/1/01,21106,,24321.0,10,241893,82000,5644,93989,1
E09000027,richmond upon thames,12/1/01,23799,,29854.0,19,174311,85000,5876,78411,1
E09000028,southwark,12/1/01,27114,,29423.0,4,256712,190000,2991,107119,1
E09000029,sutton,12/1/01,22972,,25235.0,16,181461,77000,4385,77701,1
E09000030,tower hamlets,12/1/01,31232,,55045.0,3,201090,167000,2158,80225,1
E09000031,waltham forest,12/1/01,21245,,23023.0,8,222015,69000,3881,91992,1
E09000032,wandsworth,12/1/01,22054,,25861.0,8,271742,124000,3522,120744,1
E09000033,westminster,12/1/01,26829,,41566.0,9,203329,612000,2203,101213,1
E12000001,north east,12/1/01,17844,,20103.0,5,2540090,1075000,,,0
E12000002,north west,12/1/01,18567,,21594.0,9,6772985,3259000,,,0
E12000003,yorkshire and the humber,12/1/01,18270,,20875.0,9,4976643,2400000,,,0
E12000004,east midlands,12/1/01,18291,,20932.0,14,4189622,2011000,,,0
E12000005,west midlands,12/1/01,18756,,22024.0,10,5280727,2609000,,,0
E12000006,east,12/1/01,19978,,23615.0,17,5400463,2654000,,,0
E12000007,london,12/1/01,25215,,35140.0,9,7322403,4580000,159471,3090402,0
E12000008,south east,12/1/01,20907,,25259.0,18,8023449,4299000,,,0
E12000009,south west,12/1/01,18465,,21524.0,17,4943364,2543000,,,0
E13000001,inner london,12/1/01,,,-,,2859375,,32796,1255102,0
E13000002,outer london,12/1/01,,,-,,4463028,,126676,1835300,0
E92000001,england,12/1/01,19997,,24505.0,13,49449746,25430000,13303728,21206812,0
K02000001,united kingdom,12/1/01,19722,,23925.0,,59113497,30056000,,,0
K03000001,great britain,12/1/01,19779,,24035.0,,57424178,29283000,,,0
K04000001,england and wales,12/1/01,19898,,24292.0,,52359978,26702000,,,0
N92000002,northern ireland,12/1/01,17529,,20131.0,,1688838,773000,,,0
S92000003,scotland,12/1/01,18610,,21523.0,,5064200,2581000,,,0
W92000004,wales,12/1/01,18018,,20161.0,,2910232,1272000,,,0
E09000001,city of london,12/1/02,39750,,56450.0,1,7280,344000,315,5117,1
E09000002,barking and dagenham,12/1/02,24813,,26653.0,3,166357,52000,3780,68526,1
E09000003,barnet,12/1/02,23112,,30210.0,13,320552,135000,8675,130801,1
E09000004,bexley,12/1/02,21101,,23517.0,23,219123,79000,6429,91908,1
E09000005,brent,12/1/02,21350,,24071.0,8,269871,116000,4323,102828,1
E09000006,bromley,12/1/02,16635,,21513.0,15,296668,119000,15013,128974,1
E09000007,camden,12/1/02,27432,,34486.0,14,203972,287000,2179,93884,1
E09000008,croydon,12/1/02,22675,,25815.0,13,335415,149000,8650,141424,1
E09000009,ealing,12/1/02,24542,,29470.0,15,309242,133000,5554,120590,1
E09000010,enfield,12/1/02,24654,,26835.0,14,280745,104000,8220,114131,1
E09000011,greenwich,12/1/02,21846,,23853.0,7,221476,73000,5044,95972,1
E09000012,hackney,12/1/02,24582,,32321.0,3,210961,108000,1905,88557,1
E09000013,hammersmith and fulham,12/1/02,28012,,37855.0,10,171989,119000,1715,77287,1
E09000014,haringey,12/1/02,21972,,23632.0,5,224474,75000,2960,94321,1
E09000015,harrow,12/1/02,23176,,26303.0,12,212336,80000,5046,80963,1
E09000016,havering,12/1/02,16123,,19520.0,5,225054,91000,11446,94194,1
E09000017,hillingdon,12/1/02,26159,,30463.0,28,247063,182000,11570,99328,1
E09000018,hounslow,12/1/02,24399,,32582.0,20,216888,136000,5659,86521,1
E09000019,islington,12/1/02,33497,,54080.0,6,180118,169000,1486,84255,1
E09000020,kensington and chelsea,12/1/02,26649,,35481.0,9,163827,140000,1238,83819,1
E09000021,kingston upon thames,12/1/02,22575,,29702.0,18,149642,79000,3726,62621,1
E09000022,lambeth,12/1/02,24952,,31630.0,10,273041,137000,2725,121455,1
E09000023,lewisham,12/1/02,23254,,25909.0,7,253662,79000,3532,109435,1
E09000024,merton,12/1/02,22429,,27052.0,15,190561,77000,3762,80602,1
E09000025,newham,12/1/02,21420,,24900.0,5,255282,74000,3857,94609,1
E09000026,redbridge,12/1/02,22133,,24512.0,13,244273,83000,5644,94682,1
E09000027,richmond upon thames,12/1/02,23311,,30680.0,23,175441,80000,5876,78676,1
E09000028,southwark,12/1/02,28062,,30906.0,4,256269,166000,2991,107540,1
E09000029,sutton,12/1/02,23311,,25965.0,19,181265,73000,4385,77734,1
E09000030,tower hamlets,12/1/02,31168,,49998.0,3,207031,160000,2158,82185,1
E09000031,waltham forest,12/1/02,21799,,23817.0,11,223776,70000,3881,92409,1
E09000032,wandsworth,12/1/02,23720,,27665.0,10,274917,127000,3522,121620,1
E09000033,westminster,12/1/02,28879,,43576.0,10,208100,598000,2203,103124,1
E12000001,north east,12/1/02,18076,,20798.0,7,2540600,1101000,,,0
E12000002,north west,12/1/02,19234,,22738.0,11,6784880,3325000,,,0
E12000003,yorkshire and the humber,12/1/02,18863,,21805.0,11,5000111,2441000,,,0
E12000004,east midlands,12/1/02,19125,,22065.0,15,4221753,2022000,,,0
E12000005,west midlands,12/1/02,19225,,22571.0,13,5301243,2616000,,,0
E12000006,east,12/1/02,20495,,24434.0,19,5432688,2699000,,,0
E12000007,london,12/1/02,26467,,35739.0,11,7376671,4491000,159471,3110090,0
E12000008,south east,12/1/02,21940,,26691.0,20,8045192,4363000,,,0
E12000009,south west,12/1/02,19233,,22706.0,19,4976129,2571000,,,0
E13000001,inner london,12/1/02,,,-,,2890923,,32796,1267207,0
E13000002,outer london,12/1/02,,,-,,4485748,,126676,1842883,0
E92000001,england,12/1/02,20706,,25542.0,15,49679267,25628000,13303728,21353516,0
K02000001,united kingdom,12/1/02,20376,,24911.0,,59365677,30266000,,,0
K03000001,great britain,12/1/02,20435,,25016.0,,57668143,29477000,,,0
K04000001,england and wales,12/1/02,20562,,25301.0,,52602143,26906000,,,0
N92000002,northern ireland,12/1/02,18325,,21225.0,,1697534,789000,,,0
S92000003,scotland,12/1/02,19167,,22317.0,,5066000,2570000,,,0
W92000004,wales,12/1/02,18189,,20951.0,,2922876,1278000,,,0
E09000001,city of london,12/1/03,41795,,64272.0,8,7115,344000,315,5126,1
E09000002,barking and dagenham,12/1/03,25358,,27792.0,5,166210,55000,3780,68837,1
E09000003,barnet,12/1/03,23828,,30518.0,16,321802,138000,8675,131883,1
E09000004,bexley,12/1/03,22247,,24723.0,21,220016,77000,6429,92223,1
E09000005,brent,12/1/03,23018,,29790.0,10,268323,119000,4323,103846,1
E09000006,bromley,12/1/03,19042,,25474.0,20,297253,125000,15013,129314,1
E09000007,camden,12/1/03,30002,,38106.0,19,204254,279000,2179,94460,1
E09000008,croydon,12/1/03,22838,,26920.0,14,335919,153000,8650,141819,1
E09000009,ealing,12/1/03,24349,,30117.0,15,308108,137000,5554,120922,1
E09000010,enfield,12/1/03,22463,,25595.0,16,281835,111000,8220,115274,1
E09000011,greenwich,12/1/03,23600,,26002.0,12,224303,76000,5044,96746,1
E09000012,hackney,12/1/03,25149,,31035.0,6,212405,98000,1905,90216,1
E09000013,hammersmith and fulham,12/1/03,29831,,35226.0,16,171510,125000,1715,77609,1
E09000014,haringey,12/1/03,22422,,24551.0,9,225027,78000,2960,95142,1
E09000015,harrow,12/1/03,22796,,27980.0,16,213728,83000,5046,81524,1
E09000016,havering,12/1/03,18250,,21167.0,8,225248,92000,11446,94553,1
E09000017,hillingdon,12/1/03,26774,,30875.0,34,248054,182000,11570,99766,1
E09000018,hounslow,12/1/03,26019,,33322.0,20,216498,135000,5659,87433,1
E09000019,islington,12/1/03,33579,,49632.0,7,180899,177000,1486,85984,1
E09000020,kensington and chelsea,12/1/03,26213,,35812.0,15,165268,133000,1238,83965,1
E09000021,kingston upon thames,12/1/03,23813,,32569.0,19,149683,79000,3726,62868,1
E09000022,lambeth,12/1/03,26034,,32702.0,12,272195,140000,2725,122013,1
E09000023,lewisham,12/1/03,22069,,25320.0,8,251936,80000,3532,109746,1
E09000024,merton,12/1/03,22959,,30607.0,15,189298,77000,3762,80475,1
E09000025,newham,12/1/03,22792,,26461.0,2,256224,77000,3857,95491,1
E09000026,redbridge,12/1/03,23407,,26086.0,9,247412,84000,5644,95500,1
E09000027,richmond upon thames,12/1/03,25549,,29463.0,24,177182,84000,5876,78957,1
E09000028,southwark,12/1/03,29307,,32241.0,7,255242,178000,2991,108467,1
E09000029,sutton,12/1/03,24455,,27147.0,25,181267,72000,4385,77856,1
E09000030,tower hamlets,12/1/03,34281,,55530.0,5,208651,164000,2158,83659,1
E09000031,waltham forest,12/1/03,22918,,25374.0,12,224115,70000,3881,92700,1
E09000032,wandsworth,12/1/03,24299,,29446.0,18,276828,127000,3522,122821,1
E09000033,westminster,12/1/03,29254,,43694.0,11,211009,605000,2203,104540,1
E12000001,north east,12/1/03,18228,,21359.0,12,2540461,1113000,,,0
E12000002,north west,12/1/03,19916,,23261.0,14,6814660,3353000,,,0
E12000003,yorkshire and the humber,12/1/03,19659,,22694.0,15,5026314,2498000,,,0
E12000004,east midlands,12/1/03,19847,,22817.0,19,4255080,2050000,,,0
E12000005,west midlands,12/1/03,19786,,23132.0,16,5325475,2636000,,,0
E12000006,east,12/1/03,21511,,25609.0,23,5474133,2728000,,,0
E12000007,london,12/1/03,27455,,37416.0,13,7394817,4554000,159471,3131738,0
E12000008,south east,12/1/03,22843,,27576.0,23,8087924,4309000,,,0
E12000009,south west,12/1/03,20000,,23715.0,21,5006653,2597000,,,0
E13000001,inner london,12/1/03,,,-,,2898563,,32796,1279240,0
E13000002,outer london,12/1/03,,,-,,4496254,,126676,1852498,0
E92000001,england,12/1/03,21500,,26462.0,18,49925517,25838000,13303728,21513391,0
K02000001,united kingdom,12/1/03,21124,,25818.0,,59636662,30548000,,,0
K03000001,great britain,12/1/03,21200,,25939.0,,57931738,29747000,,,0
K04000001,england and wales,12/1/03,21359,,26225.0,,52863238,27147000,,,0
N92000002,northern ireland,12/1/03,18502,,21610.0,,1704924,801000,,,0
S92000003,scotland,12/1/03,19799,,23080.0,,5068500,2600000,,,0
W92000004,wales,12/1/03,19130,,21837.0,,2937721,1309000,,,0
E09000001,city of london,12/1/04,43347,,66628.0,14,7118,332000,315,5263,1
E09000002,barking and dagenham,12/1/04,26089,,29088.0,14,165610,53000,3780,68899,1
E09000003,barnet,12/1/04,,,30795.0,20,323723,135000,8675,132856,1
E09000004,bexley,12/1/04,20946,,24617.0,30,220917,85000,6429,92950,1
E09000005,brent,12/1/04,23323,,25416.0,14,268335,119000,4323,104454,1
E09000006,bromley,12/1/04,21192,,27617.0,23,297307,126000,15013,129809,1
E09000007,camden,12/1/04,30510,,38595.0,25,207341,278000,2179,94841,1
E09000008,croydon,12/1/04,24371,,28816.0,13,337134,153000,8650,142177,1
E09000009,ealing,12/1/04,26722,,31153.0,15,310073,136000,5554,121428,1
E09000010,enfield,12/1/04,27414,,31068.0,24,282217,110000,8220,116338,1
E09000011,greenwich,12/1/04,25387,,27369.0,19,227190,77000,5044,98182,1
E09000012,hackney,12/1/04,26687,,31862.0,12,213581,96000,1905,91588,1
E09000013,hammersmith and fulham,12/1/04,29830,,37273.0,20,172083,128000,1715,78198,1
E09000014,haringey,12/1/04,23481,,26260.0,14,226472,78000,2960,95714,1
E09000015,harrow,12/1/04,24750,,29745.0,19,216267,81000,5046,82053,1
E09000016,havering,12/1/04,18240,,21505.0,16,225769,92000,11446,95182,1
E09000017,hillingdon,12/1/04,28003,,31685.0,27,248691,196000,11570,100306,1
E09000018,hounslow,12/1/04,27457,,34015.0,17,219440,130000,5659,88608,1
E09000019,islington,12/1/04,30410,,40812.0,11,180831,179000,1486,87263,1
E09000020,kensington and chelsea,12/1/04,26846,,37784.0,18,165752,131000,1238,84363,1
E09000021,kingston upon thames,12/1/04,23708,,30786.0,18,151055,84000,3726,63405,1
E09000022,lambeth,12/1/04,27186,,37154.0,16,274262,142000,2725,122819,1
E09000023,lewisham,12/1/04,25238,,26340.0,10,252455,79000,3532,110808,1
E09000024,merton,12/1/04,23208,,30224.0,20,188908,91000,3762,80333,1
E09000025,newham,12/1/04,,,29224.0,6,254434,81000,3857,96805,1
E09000026,redbridge,12/1/04,,,27206.0,16,248774,85000,5644,96196,1
E09000027,richmond upon thames,12/1/04,26770,,30582.0,24,179312,82000,5876,79248,1
E09000028,southwark,12/1/04,29609,,34875.0,11,257257,195000,2991,110145,1
E09000029,sutton,12/1/04,24514,,27747.0,28,181094,73000,4385,78054,1
E09000030,tower hamlets,12/1/04,39128,,66095.0,7,211154,192000,2158,85341,1
E09000031,waltham forest,12/1/04,23857,,25435.0,18,225002,69000,3881,92991,1
E09000032,wandsworth,12/1/04,26137,,30740.0,17,278615,127000,3522,124138,1
E09000033,westminster,12/1/04,31482,,46350.0,15,214557,597000,2203,106760,1
E12000001,north east,12/1/04,19247,,22377.0,15,2540502,1117000,,,0
E12000002,north west,12/1/04,20717,,24490.0,19,6840369,3411000,,,0
E12000003,yorkshire and the humber,12/1/04,20433,,24051.0,19,5063199,2551000,,,0
E12000004,east midlands,12/1/04,20691,,23665.0,26,4291476,2067000,,,0
E12000005,west midlands,12/1/04,20765,,24341.0,20,5346376,2661000,,,0
E12000006,east,12/1/04,22242,,26634.0,30,5508564,2707000,,,0
E12000007,london,12/1/04,28750,,39489.0,18,7432730,4613000,159471,3157513,0
E12000008,south east,12/1/04,23748,,28574.0,26,8133100,4308000,,,0
E12000009,south west,12/1/04,20694,,24449.0,27,5038284,2616000,,,0
E13000001,inner london,12/1/04,31339,,46107.0,,2915912,,32796,1294046,0
E13000002,outer london,12/1/04,25000,,29207.0,,4516818,,126676,1863467,0
E92000001,england,12/1/04,22418,,27736.0,23,50194600,26050000,13303728,21684360,0
K02000001,united kingdom,12/1/04,22056,,27027.0,,59950364,30862000,,,0
K03000001,great britain,12/1/04,22103,,27138.0,,58236322,30042000,,,0
K04000001,england and wales,12/1/04,22284,,27478.0,,53152022,27405000,,,0
N92000002,northern ireland,12/1/04,19622,,23094.0,,1714042,820000,,,0
S92000003,scotland,12/1/04,20598,,23850.0,,5084300,2637000,,,0
W92000004,wales,12/1/04,20085,,22751.0,,2957422,1355000,,,0
E09000001,city of london,12/1/05,45000,,74004.0,18,7131,343000,315,5374,1
E09000002,barking and dagenham,12/1/05,26680,,28728.0,17,166275,53000,3780,69261,1
E09000003,barnet,12/1/05,27033,,31652.0,27,327541,136000,8675,133902,1
E09000004,bexley,12/1/05,23936,,28162.0,38,222391,80000,6429,93220,1
E09000005,brent,12/1/05,24209,,27371.0,20,270939,118000,4323,105093,1
E09000006,bromley,12/1/05,24241,,29955.0,27,299421,125000,15013,130640,1
E09000007,camden,12/1/05,31358,,39826.0,27,211088,292000,2179,95563,1
E09000008,croydon,12/1/05,24652,,28101.0,16,339052,150000,8650,142566,1
E09000009,ealing,12/1/05,27235,,32106.0,19,312774,138000,5554,121910,1
E09000010,enfield,12/1/05,24594,,27568.0,27,284779,116000,8220,117056,1
E09000011,greenwich,12/1/05,26330,,29105.0,22,230494,81000,5044,99807,1
E09000012,hackney,12/1/05,28923,,35597.0,16,216512,95000,1905,92738,1
E09000013,hammersmith and fulham,12/1/05,30787,,42492.0,21,173292,136000,1715,78666,1
E09000014,haringey,12/1/05,24626,,26991.0,19,229271,84000,2960,97169,1
E09000015,harrow,12/1/05,26162,,30339.0,27,221109,81000,5046,82704,1
E09000016,havering,12/1/05,24296,,27736.0,18,226990,89000,11446,95727,1
E09000017,hillingdon,12/1/05,29351,,32725.0,28,251430,196000,11570,100646,1
E09000018,hounslow,12/1/05,29584,,35410.0,19,223776,139000,5659,89509,1
E09000019,islington,12/1/05,30499,,37231.0,18,183477,192000,1486,87942,1
E09000020,kensington and chelsea,12/1/05,26855,,33106.0,20,168375,134000,1238,84518,1
E09000021,kingston upon thames,12/1/05,24937,,32985.0,24,152489,82000,3726,63918,1
E09000022,lambeth,12/1/05,28347,,36464.0,22,277620,141000,2725,123839,1
E09000023,lewisham,12/1/05,28022,,30443.0,12,254930,80000,3532,111594,1
E09000024,merton,12/1/05,25991,,30422.0,23,190583,85000,3762,80271,1
E09000025,newham,12/1/05,26331,,28450.0,10,253798,84000,3857,97378,1
E09000026,redbridge,12/1/05,26462,,30087.0,17,251560,84000,5644,96903,1
E09000027,richmond upon thames,12/1/05,26809,,30298.0,29,181508,88000,5876,79877,1
E09000028,southwark,12/1/05,29534,,36022.0,15,261811,201000,2991,112162,1
E09000029,sutton,12/1/05,25714,,29187.0,29,182103,72000,4385,78354,1
E09000030,tower hamlets,12/1/05,39493,,71063.0,9,213382,198000,2158,88380,1
E09000031,waltham forest,12/1/05,21931,,25800.0,22,226747,76000,3881,93618,1
E09000032,wandsworth,12/1/05,26549,,31455.0,21,283229,124000,3522,125880,1
E09000033,westminster,12/1/05,32519,,50430.0,18,223132,614000,2203,108200,1
E12000001,north east,12/1/05,20263,,23557.0,21,2547127,1180000,,,0
E12000002,north west,12/1/05,21777,,25613.0,24,6870021,3360000,,,0
E12000003,yorkshire and the humber,12/1/05,21506,,25500.0,22,5108408,2567000,,,0
E12000004,east midlands,12/1/05,21494,,24700.0,32,4329112,2133000,,,0
E12000005,west midlands,12/1/05,21447,,25250.0,25,5380687,2691000,,,0
E12000006,east,12/1/05,22883,,27860.0,34,5562653,2773000,,,0
E12000007,london,12/1/05,29882,,41707.0,21,7519009,4706000,159471,3184386,0
E12000008,south east,12/1/05,24229,,29276.0,29,8202896,4423000,,,0
E12000009,south west,12/1/05,21279,,25440.0,31,5086121,2643000,,,0
E13000001,inner london,12/1/05,32230,,48936.0,,2957048,,32796,1309404,0
E13000002,outer london,12/1/05,26176,,30404.0,,4561961,,126676,1874982,0
E92000001,england,12/1/05,23280,,28928.0,27,50606034,26478000,13303728,21869913,0
K02000001,united kingdom,12/1/05,22888,,28191.0,,60413276,31377000,,,0
K03000001,great britain,12/1/05,22970,,28327.0,,58685543,30539000,,,0
K04000001,england and wales,12/1/05,23151,,28660.0,,53575343,27859000,,,0
N92000002,northern ireland,12/1/05,20060,,23399.0,,1727733,838000,,,0
S92000003,scotland,12/1/05,21312,,25107.0,,5110200,2680000,,,0
W92000004,wales,12/1/05,20634,,23587.0,,2969309,1381000,,,0
E09000001,city of london,12/1/06,46292,,85886.0,28,7254,337000,315,5374,1
E09000002,barking and dagenham,12/1/06,26549,,28660.0,21,167157,51000,3780,69529,1
E09000003,barnet,12/1/06,26071,,30923.0,29,330801,138000,8675,134941,1
E09000004,bexley,12/1/06,24719,,28847.0,40,223280,73000,6429,93433,1
E09000005,brent,12/1/06,25279,,29712.0,22,276504,110000,4323,106768,1
E09000006,bromley,12/1/06,25715,,,32,300963,126000,15013,131387,1
E09000007,camden,12/1/06,32418,,40593.0,28,211032,280000,2179,96351,1
E09000008,croydon,12/1/06,26049,,29842.0,20,340449,148000,8650,142961,1
E09000009,ealing,12/1/06,26354,,32130.0,25,315329,136000,5554,122744,1
E09000010,enfield,12/1/06,25088,,28912.0,30,287429,106000,8220,117614,1
E09000011,greenwich,12/1/06,27363,,29714.0,24,233990,81000,5044,101194,1
E09000012,hackney,12/1/06,30105,,34874.0,20,220193,88000,1905,93941,1
E09000013,hammersmith and fulham,12/1/06,30464,,42838.0,24,174675,133000,1715,79315,1
E09000014,haringey,12/1/06,27020,,29726.0,25,233174,82000,2960,98339,1
E09000015,harrow,12/1/06,25575,,30342.0,28,223632,83000,5046,83363,1
E09000016,havering,12/1/06,26394,,28459.0,20,228198,86000,11446,96191,1
E09000017,hillingdon,12/1/06,28771,,32034.0,31,254387,201000,11570,101241,1
E09000018,hounslow,12/1/06,26853,,34303.0,20,228126,132000,5659,90367,1
E09000019,islington,12/1/06,33995,,50794.0,24,185283,181000,1486,88820,1
E09000020,kensington and chelsea,12/1/06,26619,,33350.0,24,165245,132000,1238,84596,1
E09000021,kingston upon thames,12/1/06,25640,,32566.0,24,153667,99000,3726,64249,1
E09000022,lambeth,12/1/06,29930,,38233.0,23,280524,137000,2725,125207,1
E09000023,lewisham,12/1/06,27021,,30142.0,16,257976,73000,3532,112632,1
E09000024,merton,12/1/06,24883,,29305.0,25,192520,79000,3762,80541,1
E09000025,newham,12/1/06,27162,,30873.0,14,257994,80000,3857,98274,1
E09000026,redbridge,12/1/06,27940,,31319.0,19,255590,74000,5644,97665,1
E09000027,richmond upon thames,12/1/06,28610,,33258.0,32,182520,84000,5876,80819,1
E09000028,southwark,12/1/06,31575,,39075.0,18,267553,210000,2991,113731,1
E09000029,sutton,12/1/06,25102,,28965.0,30,182882,71000,4385,78498,1
E09000030,tower hamlets,12/1/06,38975,,62719.0,12,218400,203000,2158,91356,1
E09000031,waltham forest,12/1/06,23074,,27449.0,28,230731,70000,3881,94381,1
E09000032,wandsworth,12/1/06,27405,,32887.0,23,287538,128000,3522,127243,1
E09000033,westminster,12/1/06,33474,,53229.0,20,222829,605000,2203,110181,1
E12000001,north east,12/1/06,20613,,24178.0,26,2552568,1163000,,,0
E12000002,north west,12/1/06,22000,,26299.0,29,6901585,3387000,,,0
E12000003,yorkshire and the humber,12/1/06,21674,,25446.0,27,5134016,2527000,,,0
E12000004,east midlands,12/1/06,21946,,25731.0,36,4366676,2132000,,,0
E12000005,west midlands,12/1/06,22000,,25975.0,29,5415521,2694000,,,0
E12000006,east,12/1/06,23517,,28497.0,38,5606294,2807000,,,0
E12000007,london,12/1/06,30355,,43557.0,23,7597825,4615000,159471,3213239,0
E12000008,south east,12/1/06,24798,,30365.0,33,8270861,4327000,,,0
E12000009,south west,12/1/06,21815,,26159.0,37,5119840,2654000,,,0
E13000001,inner london,12/1/06,33333,,51556.0,,2989670,,32796,1325356,0
E13000002,outer london,12/1/06,26399,,31096.0,,4608155,,126676,1887882,0
E92000001,england,12/1/06,23729,,29836.0,31,50965186,26307000,13303728,22072566,0
K02000001,united kingdom,12/1/06,23367,,29079.0,,60827067,31185000,,,0
K03000001,great britain,12/1/06,23444,,29225.0,,59083954,30339000,,,0
K04000001,england and wales,12/1/06,23564,,29538.0,,53950854,27674000,,,0
N92000002,northern ireland,12/1/06,20739,,24212.0,,1743113,846000,,,0
S92000003,scotland,12/1/06,22373,,26121.0,,5133100,2665000,,,0
W92000004,wales,12/1/06,20790,,24037.0,,2985668,1367000,,,0
E09000001,city of london,12/1/07,49955,,86778.0,33,7607,350000,315,5375,1
E09000002,barking and dagenham,12/1/07,30200,,31994.0,20,169031,52000,3780,69835,1
E09000003,barnet,12/1/07,27436,,33007.0,31,334837,136000,8675,135429,1
E09000004,bexley,12/1/07,26457,,30375.0,42,224625,74000,6429,93746,1
E09000005,brent,12/1/07,25763,,28503.0,21,283273,111000,4323,107970,1
E09000006,bromley,12/1/07,25666,,35021.0,34,302625,136000,15013,132339,1
E09000007,camden,12/1/07,33059,,40595.0,27,211520,296000,2179,96998,1
E09000008,croydon,12/1/07,25965,,29341.0,23,344029,152000,8650,143714,1
E09000009,ealing,12/1/07,27490,,34374.0,29,318671,140000,5554,124111,1
E09000010,enfield,12/1/07,26325,,28949.0,28,291534,108000,8220,118667,1
E09000011,greenwich,12/1/07,29319,,32003.0,31,236535,82000,5044,101931,1
E09000012,hackney,12/1/07,28996,,35390.0,22,224480,95000,1905,95391,1
E09000013,hammersmith and fulham,12/1/07,33535,,46996.0,27,176472,134000,1715,79969,1
E09000014,haringey,12/1/07,26281,,29032.0,26,236793,81000,2960,99827,1
E09000015,harrow,12/1/07,26107,,31063.0,40,226355,83000,5046,84072,1
E09000016,havering,12/1/07,26079,,29418.0,24,229789,82000,11446,97132,1
E09000017,hillingdon,12/1/07,30290,,33992.0,34,256981,202000,11570,101525,1
E09000018,hounslow,12/1/07,27547,,34303.0,22,233454,136000,5659,92108,1
E09000019,islington,12/1/07,34779,,53641.0,26,188636,201000,1486,90650,1
E09000020,kensington and chelsea,12/1/07,28355,,33248.0,28,162883,128000,1238,84630,1
E09000021,kingston upon thames,12/1/07,27274,,33513.0,26,154485,86000,3726,64547,1
E09000022,lambeth,12/1/07,30633,,41050.0,25,284964,138000,2725,126555,1
E09000023,lewisham,12/1/07,27673,,29832.0,22,261188,75000,3532,113286,1
E09000024,merton,12/1/07,26346,,30731.0,27,194260,78000,3762,80534,1
E09000025,newham,12/1/07,27434,,32363.0,14,266285,80000,3857,98994,1
E09000026,redbridge,12/1/07,29429,,33111.0,22,259965,79000,5644,98687,1
E09000027,richmond upon thames,12/1/07,30881,,37366.0,36,182421,89000,5876,81105,1
E09000028,southwark,12/1/07,32000,,39710.0,20,272626,222000,2991,116042,1
E09000029,sutton,12/1/07,25182,,28531.0,32,184174,71000,4385,78633,1
E09000030,tower hamlets,12/1/07,41117,,72749.0,13,225251,211000,2158,94373,1
E09000031,waltham forest,12/1/07,25034,,27129.0,30,235665,67000,3881,95303,1
E09000032,wandsworth,12/1/07,30513,,38209.0,25,291440,130000,3522,128946,1
E09000033,westminster,12/1/07,35315,,52597.0,23,220619,623000,2203,111743,1
E12000001,north east,12/1/07,21076,,24299.0,28,2562045,1149000,,,0
E12000002,north west,12/1/07,22889,,27308.0,33,6929277,3412000,,,0
E12000003,yorkshire and the humber,12/1/07,22307,,26101.0,31,5164138,2550000,,,0
E12000004,east midlands,12/1/07,22222,,26269.0,42,4404774,2202000,,,0
E12000005,west midlands,12/1/07,22543,,26563.0,33,5451924,2674000,,,0
E12000006,east,12/1/07,24061,,29338.0,41,5653534,2807000,,,0
E12000007,london,12/1/07,31484,,45027.0,25,7693473,4728000,159471,3244166,0
E12000008,south east,12/1/07,25583,,31491.0,36,8351391,4400000,,,0
E12000009,south west,12/1/07,22665,,27480.0,40,5170537,2685000,,,0
E13000001,inner london,12/1/07,34415,,53119.0,,3030764,,32796,1342778,0
E13000002,outer london,12/1/07,27478,,32073.0,,4662709,,126676,1901387,0
E92000001,england,12/1/07,24480,,30802.0,35,51381093,26606000,13303728,22287502,0
K02000001,united kingdom,12/1/07,24043,,30015.0,,61319075,31516000,,,0
K03000001,great britain,12/1/07,24147,,30176.0,,59557392,30667000,,,0
K04000001,england and wales,12/1/07,24255,,30481.0,,54387392,27965000,,,0
N92000002,northern ireland,12/1/07,20934,,24704.0,,1761683,849000,,,0
S92000003,scotland,12/1/07,23098,,27179.0,,5170000,2702000,,,0
W92000004,wales,12/1/07,21105,,24518.0,,3006299,1359000,,,0
E09000001,city of london,12/1/08,50503,,82973.0,34,7429,348000,315,5421,1
E09000002,barking and dagenham,12/1/08,29396,,31795.0,25,172452,53000,3780,70551,1
E09000003,barnet,12/1/08,27978,,34468.0,31,339212,140000,8675,136680,1
E09000004,bexley,12/1/08,28326,,31305.0,51,226652,73000,6429,94078,1
E09000005,brent,12/1/08,27326,,29631.0,28,290901,109000,4323,109037,1
E09000006,bromley,12/1/08,27236,,33378.0,36,304968,130000,15013,133112,1
E09000007,camden,12/1/08,35314,,42816.0,28,210273,307000,2179,97517,1
E09000008,croydon,12/1/08,27482,,31842.0,28,349308,146000,8650,144896,1
E09000009,ealing,12/1/08,29439,,35772.0,35,324022,131000,5554,125531,1
E09000010,enfield,12/1/08,25550,,28930.0,27,297443,111000,8220,119946,1
E09000011,greenwich,12/1/08,30766,,33637.0,42,239748,81000,5044,102257,1
E09000012,hackney,12/1/08,31589,,39016.0,23,231041,96000,1905,97302,1
E09000013,hammersmith and fulham,12/1/08,,,46620.0,28,177088,135000,1715,80510,1
E09000014,haringey,12/1/08,29859,,31703.0,22,244459,78000,2960,100960,1
E09000015,harrow,12/1/08,27627,,31746.0,43,229567,77000,5046,84535,1
E09000016,havering,12/1/08,28800,,32386.0,27,231793,87000,11446,97551,1
E09000017,hillingdon,12/1/08,31291,,37349.0,35,261051,206000,11570,102020,1
E09000018,hounslow,12/1/08,29475,,39109.0,24,237907,137000,5659,94100,1
E09000019,islington,12/1/08,36357,,58261.0,28,192089,205000,1486,92378,1
E09000020,kensington and chelsea,12/1/08,30217,,37538.0,30,162579,131000,1238,84577,1
E09000021,kingston upon thames,12/1/08,26583,,33180.0,35,156027,87000,3726,64812,1
E09000022,lambeth,12/1/08,30566,,41396.0,26,289126,140000,2725,127978,1
E09000023,lewisham,12/1/08,29403,,31399.0,21,266508,77000,3532,114370,1
E09000024,merton,12/1/08,28363,,31929.0,30,195859,81000,3762,80683,1
E09000025,newham,12/1/08,29467,,34686.0,15,276478,77000,3857,99915,1
E09000026,redbridge,12/1/08,29283,,32261.0,26,265452,83000,5644,99313,1
E09000027,richmond upon thames,12/1/08,32437,,37760.0,42,182927,90000,5876,81458,1
E09000028,southwark,12/1/08,31227,,40353.0,21,276973,245000,2991,118189,1
E09000029,sutton,12/1/08,26082,,29869.0,32,185860,80000,4385,79116,1
E09000030,tower hamlets,12/1/08,41880,,70217.0,19,231893,220000,2158,97010,1
E09000031,waltham forest,12/1/08,26609,,28814.0,28,242098,68000,3881,96281,1
E09000032,wandsworth,12/1/08,30808,,40916.0,27,294305,129000,3522,130226,1
E09000033,westminster,12/1/08,36048,,59836.0,23,218673,639000,2203,113413,1
E12000001,north east,12/1/08,21931,,25601.0,31,2569312,1156000,,,0
E12000002,north west,12/1/08,23740,,28111.0,37,6958547,3393000,,,0
E12000003,yorkshire and the humber,12/1/08,23357,,27597.0,34,5198675,2550000,,,0
E12000004,east midlands,12/1/08,23271,,28167.0,44,4441125,2152000,,,0
E12000005,west midlands,12/1/08,23849,,27930.0,37,5496240,2666000,,,0
E12000006,east,12/1/08,24949,,30364.0,44,5708350,2813000,,,0
E12000007,london,12/1/08,32813,,47116.0,29,7812161,4799000,159471,3275723,0
E12000008,south east,12/1/08,26778,,32978.0,38,8426399,4396000,,,0
E12000009,south west,12/1/08,23648,,28416.0,42,5205044,2687000,,,0
E13000001,inner london,12/1/08,35774,,55236.0,,3078914,,32796,1359764,0
E13000002,outer london,12/1/08,28608,,33547.0,,4733247,,126676,1915958,0
E92000001,england,12/1/08,25549,,32358.0,38,51815853,26611000,13303728,22511036,0
K02000001,united kingdom,12/1/08,25165,,31494.0,,61823772,31553000,,,0
K03000001,great britain,12/1/08,25277,,31683.0,,60044620,30689000,,,0
K04000001,england and wales,12/1/08,25373,,32014.0,,54841720,27966000,,,0
N92000002,northern ireland,12/1/08,22122,,25470.0,,1779152,865000,,,0
S92000003,scotland,12/1/08,24105,,28393.0,,5202900,2723000,,,0
W92000004,wales,12/1/08,21830,,25690.0,,3025867,1355000,,,0
E09000001,city of london,12/1/09,52092,,80769.0,35,7472,362000,315,5467,1
E09000002,barking and dagenham,12/1/09,30973,,33126.0,33,177580,47000,3780,70839,1
E09000003,barnet,12/1/09,30496,,35013.0,33,345829,143000,8675,137769,1
E09000004,bexley,12/1/09,28222,,31988.0,51,228146,73000,6429,94371,1
E09000005,brent,12/1/09,27503,,31033.0,29,298118,110000,4323,110244,1
E09000006,bromley,12/1/09,26951,,33329.0,40,306924,119000,15013,133673,1
E09000007,camden,12/1/09,36375,,45633.0,30,212924,309000,2179,98557,1
E09000008,croydon,12/1/09,28225,,33826.0,32,352763,134000,8650,146152,1
E09000009,ealing,12/1/09,28234,,34873.0,38,329966,128000,5554,126381,1
E09000010,enfield,12/1/09,27828,,31584.0,31,301971,107000,8220,120623,1
E09000011,greenwich,12/1/09,29871,,33344.0,35,243672,80000,5044,102560,1
E09000012,hackney,12/1/09,33107,,46556.0,24,236622,101000,1905,99689,1
E09000013,hammersmith and fulham,12/1/09,36525,,45516.0,27,180116,132000,1715,80994,1
E09000014,haringey,12/1/09,28515,,30817.0,25,249805,75000,2960,102294,1
E09000015,harrow,12/1/09,27532,,31352.0,46,233495,77000,5046,85395,1
E09000016,havering,12/1/09,28317,,30993.0,34,234127,80000,11446,98289,1
E09000017,hillingdon,12/1/09,31584,,37424.0,41,265665,197000,11570,102901,1
E09000018,hounslow,12/1/09,31672,,42241.0,33,243366,138000,5659,94969,1
E09000019,islington,12/1/09,36981,,55027.0,29,196704,206000,1486,94707,1
E09000020,kensington and chelsea,12/1/09,29901,,36101.0,31,161893,129000,1238,84553,1
E09000021,kingston upon thames,12/1/09,27497,,33834.0,46,157307,84000,3726,64972,1
E09000022,lambeth,12/1/09,33415,,44262.0,27,294050,149000,2725,129289,1
E09000023,lewisham,12/1/09,30891,,32708.0,17,270418,75000,3532,115576,1
E09000024,merton,12/1/09,27662,,30330.0,34,198136,79000,3762,81050,1
E09000025,newham,12/1/09,31028,,34487.0,19,286447,80000,3857,100984,1
E09000026,redbridge,12/1/09,31235,,32648.0,32,270435,79000,5644,99938,1
E09000027,richmond upon thames,12/1/09,31733,,40992.0,43,184394,84000,5876,81853,1
E09000028,southwark,12/1/09,34265,,41548.0,22,281120,236000,2991,119657,1
E09000029,sutton,12/1/09,26111,,29775.0,38,188167,72000,4385,79444,1
E09000030,tower hamlets,12/1/09,43987,,62526.0,26,240495,217000,2158,100471,1
E09000031,waltham forest,12/1/09,27651,,29524.0,28,248140,69000,3881,97247,1
E09000032,wandsworth,12/1/09,32373,,41202.0,25,299347,125000,3522,132060,1
E09000033,westminster,12/1/09,36765,,55752.0,24,216980,640000,2203,115047,1
E12000001,north east,12/1/09,22684,,26670.0,35,2575441,1117000,,,0
E12000002,north west,12/1/09,24020,,28635.0,38,6986156,3352000,,,0
E12000003,yorkshire and the humber,12/1/09,23891,,28129.0,37,5223344,2516000,,,0
E12000004,east midlands,12/1/09,24357,,28737.0,46,4471653,2126000,,,0
E12000005,west midlands,12/1/09,23958,,28347.0,40,5528007,2588000,,,0
E12000006,east,12/1/09,25500,,30555.0,46,5751443,2789000,,,0
E12000007,london,12/1/09,33700,,46765.0,32,7942594,4739000,159471,3308013,0
E12000008,south east,12/1/09,27458,,33674.0,40,8490922,4303000,,,0
E12000009,south west,12/1/09,24175,,28772.0,43,5226821,2717000,,,0
E13000001,inner london,12/1/09,37252,,54227.0,,3134393,,32796,1379345,0
E13000002,outer london,12/1/09,29085,,34297.0,,4808201,,126676,1928668,0
E92000001,england,12/1/09,26133,,32680.0,40,52196381,26246000,13303728,22693802,0
K02000001,united kingdom,12/1/09,25806,,31900.0,,62260486,31106000,,,0
K03000001,great britain,12/1/09,25905,,32081.0,,60467153,30266000,,,0
K04000001,england and wales,12/1/09,25998,,32363.0,,55235253,27591000,,,0
N92000002,northern ireland,12/1/09,23023,,26493.0,,1793333,840000,,,0
S92000003,scotland,12/1/09,24993,,29383.0,,5231900,2675000,,,0
W92000004,wales,12/1/09,22800,,26215.0,,3038872,1345000,,,0
E09000001,city of london,12/1/10,52271,,81938.0,39,7338,388000,315,5459,1
E09000002,barking and dagenham,12/1/10,28527,,32996.0,28,182838,51000,3780,70946,1
E09000003,barnet,12/1/10,30000,,34077.0,33,351438,141000,8675,138616,1
E09000004,bexley,12/1/10,27738,,30821.0,51,230711,77000,6429,94798,1
E09000005,brent,12/1/10,25997,,29353.0,33,304785,114000,4323,111414,1
E09000006,bromley,12/1/10,27712,,32841.0,44,308560,120000,15013,134298,1
E09000007,camden,12/1/10,36527,,45461.0,32,214725,307000,2179,99139,1
E09000008,croydon,12/1/10,28586,,33117.0,34,357951,138000,8650,147249,1
E09000009,ealing,12/1/10,28732,,33845.0,40,334073,128000,5554,126901,1
E09000010,enfield,12/1/10,26967,,32009.0,32,307648,112000,8220,121243,1
E09000011,greenwich,12/1/10,31821,,34526.0,37,249171,82000,5044,102651,1
E09000012,hackney,12/1/10,35149,,44663.0,25,241739,101000,1905,101657,1
E09000013,hammersmith and fulham,12/1/10,35033,,42271.0,28,180842,139000,1715,81902,1
E09000014,haringey,12/1/10,29597,,32517.0,28,252742,72000,2960,103430,1
E09000015,harrow,12/1/10,27921,,32746.0,50,237451,78000,5046,85994,1
E09000016,havering,12/1/10,28235,,32068.0,31,236234,82000,11446,98805,1
E09000017,hillingdon,12/1/10,31586,,38406.0,43,269465,192000,11570,103508,1
E09000018,hounslow,12/1/10,31307,,41634.0,35,249236,143000,5659,95893,1
E09000019,islington,12/1/10,34551,,49859.0,30,200129,197000,1486,96301,1
E09000020,kensington and chelsea,12/1/10,30196,,36450.0,32,160463,129000,1238,84756,1
E09000021,kingston upon thames,12/1/10,28240,,33688.0,47,158648,85000,3726,65086,1
E09000022,lambeth,12/1/10,33821,,43030.0,28,297650,151000,2725,130655,1
E09000023,lewisham,12/1/10,30806,,32007.0,18,272525,73000,3532,116640,1
E09000024,merton,12/1/10,27441,,31666.0,36,199136,78000,3762,80971,1
E09000025,newham,12/1/10,32578,,39102.0,15,299171,80000,3857,102444,1
E09000026,redbridge,12/1/10,30086,,32421.0,28,275088,78000,5644,100889,1
E09000027,richmond upon thames,12/1/10,32249,,39837.0,43,186304,85000,5876,82116,1
E09000028,southwark,12/1/10,35050,,41481.0,25,283777,228000,2991,121412,1
E09000029,sutton,12/1/10,26288,,30375.0,38,189321,73000,4385,79508,1
E09000030,tower hamlets,12/1/10,44443,,69029.0,25,248520,223000,2158,103509,1
E09000031,waltham forest,12/1/10,27755,,30773.0,27,254009,66000,3881,97624,1
E09000032,wandsworth,12/1/10,31818,,39318.0,27,302620,118000,3522,133885,1
E09000033,westminster,12/1/10,37836,,56080.0,25,217187,644000,2203,116644,1
E12000001,north east,12/1/10,23124,,27405.0,36,2586868,1114000,,,0
E12000002,north west,12/1/10,24127,,28919.0,40,7019921,3326000,,,0
E12000003,yorkshire and the humber,12/1/10,23856,,28230.0,40,5254788,2497000,,,0
E12000004,east midlands,12/1/10,24118,,28684.0,46,4507071,2139000,,,0
E12000005,west midlands,12/1/10,23831,,28477.0,42,5565866,2600000,,,0
E12000006,east,12/1/10,25379,,31299.0,49,5807402,2770000,,,0
E12000007,london,12/1/10,33990,,46945.0,32,8061495,4772000,159471,3336343,0
E12000008,south east,12/1/10,27503,,33842.0,41,8577771,4372000,,,0
E12000009,south west,12/1/10,24098,,28850.0,47,5261270,2706000,,,0
E13000001,inner london,12/1/10,37463,,54573.0,,3179428,,32796,1397832,0
E13000002,outer london,12/1/10,29182,,34275.0,,4882067,,126676,1938511,0
E92000001,england,12/1/10,26265,,33014.0,41,52642452,26295000,13303728,22838672,0
K02000001,united kingdom,12/1/10,25882,,32204.0,,62759456,31093000,,,0
K03000001,great britain,12/1/10,26000,,32393.0,,60954623,30235000,,,0
K04000001,england and wales,12/1/10,26076,,32683.0,,55692423,27632000,,,0
N92000002,northern ireland,12/1/10,22394,,26207.0,,1804833,858000,,,0
S92000003,scotland,12/1/10,25205,,29616.0,,5262200,2603000,,,0
W92000004,wales,12/1/10,23178,,26504.0,,3049971,1337000,,,0
E09000001,city of london,12/1/11,54381,nan,90842.0,37,7412,436000,315,5513,1
E09000002,barking and dagenham,12/1/11,28201,7.05,33568.0,30,187029,54000,3780,71079,1
E09000003,barnet,12/1/11,30237,7.43,33062.0,34,357538,147000,8675,139346,1
E09000004,bexley,12/1/11,28638,7.42,31812.0,54,232774,78000,6429,95037,1
E09000005,brent,12/1/11,26772,7.11,29609.0,37,312245,115000,4323,112083,1
E09000006,bromley,12/1/11,28163,7.5,32863.0,50,310554,119000,15013,135036,1
E09000007,camden,12/1/11,35967,7.25,45588.0,33,220087,331000,2179,99828,1
E09000008,croydon,12/1/11,28979,7.04,33050.0,38,364815,136000,8650,148099,1
E09000009,ealing,12/1/11,28646,7.22,34725.0,41,339314,148000,5554,127187,1
E09000010,enfield,12/1/11,26412,7.23,31797.0,35,313935,110000,8220,122042,1
E09000011,greenwich,12/1/11,29932,7.18,32581.0,39,255483,81000,5044,103186,1
E09000012,hackney,12/1/11,33512,7,42089.0,24,247182,113000,1905,102408,1
E09000013,hammersmith and fulham,12/1/11,36143,7.38,42531.0,30,182445,140000,1715,82390,1
E09000014,haringey,12/1/11,28032,7.11,30446.0,26,255540,74000,2960,104173,1
E09000015,harrow,12/1/11,27540,7.31,32342.0,48,240499,76000,5046,86524,1
E09000016,havering,12/1/11,28415,7.35,31947.0,36,237927,82000,11446,99184,1
E09000017,hillingdon,12/1/11,33589,7.4,39436.0,43,275499,202000,11570,103907,1
E09000018,hounslow,12/1/11,32759,7.26,41142.0,35,254927,150000,5659,96892,1
E09000019,islington,12/1/11,35996,7.09,60068.0,32,206285,201000,1486,96872,1
E09000020,kensington and chelsea,12/1/11,31491,7.57,38220.0,34,158251,137000,1238,84798,1
E09000021,kingston upon thames,12/1/11,28997,7.33,34459.0,47,160436,80000,3726,65198,1
E09000022,lambeth,12/1/11,34836,7.13,43657.0,28,304481,150000,2725,132213,1
E09000023,lewisham,12/1/11,29567,7.05,30506.0,17,276938,75000,3532,117651,1
E09000024,merton,12/1/11,28066,7.14,32415.0,37,200543,86000,3762,80919,1
E09000025,newham,12/1/11,29998,7.12,36870.0,23,310460,89000,3857,103212,1
E09000026,redbridge,12/1/11,29829,7.33,31948.0,33,281395,77000,5644,101348,1
E09000027,richmond upon thames,12/1/11,32197,7.52,37122.0,45,187527,95000,5876,82482,1
E09000028,southwark,12/1/11,36124,7.36,48938.0,27,288717,247000,2991,123265,1
E09000029,sutton,12/1/11,26743,7.39,29656.0,37,191123,78000,4385,79696,1
E09000030,tower hamlets,12/1/11,45970,7.02,86593.0,27,256012,251000,2158,105379,1
E09000031,waltham forest,12/1/11,28005,7.18,31926.0,27,259742,71000,3881,98279,1
E09000032,wandsworth,12/1/11,32033,7.46,38695.0,28,307710,125000,3522,134619,1
E09000033,westminster,12/1/11,37406,7.33,54049.0,25,219582,674000,2203,118318,1
E12000001,north east,12/1/11,23250,7.44,27712.0,38,2596441,1130000,,,0
E12000002,north west,12/1/11,24167,7.37,28634.0,43,7055961,3380000,,,0
E12000003,yorkshire and the humber,12/1/11,24119,7.39,28172.0,42,5288212,2513000,,,0
E12000004,east midlands,12/1/11,24002,7.47,28558.0,47,4537448,2198000,,,0
E12000005,west midlands,12/1/11,24291,7.28,28539.0,43,5608667,2635000,,,0
E12000006,east,12/1/11,25953,,30693.0,50,5862418,2829000,,,0
E12000007,london,12/1/11,34396,7.25,49831.0,34,8204407,5028000,159471,3358163,0
E12000008,south east,12/1/11,27881,7.51,33871.0,43,8652784,4442000,,,0
E12000009,south west,12/1/11,24306,7.53,28872.0,47,5300831,2718000,,,0
E13000001,inner london,12/1/11,37851,,58760.0,,3241102,,32796,1410639,0
E13000002,outer london,12/1/11,29399,,34251.0,,4963305,,126676,1947524,0
E92000001,england,12/1/11,26488,7.41,33514.0,43,53107169,26874000,13303728,22976066,0
K02000001,united kingdom,12/1/11,26095,,32691.0,,63285145,31743000,,,0
K03000001,great britain,12/1/11,26206,,32865.0,,61470827,30897000,,,0
K04000001,england and wales,12/1/11,26290,,33162.0,,56170927,28234000,,,0
N92000002,northern ireland,12/1/11,23034,7.53,27105.0,,1814318,846000,,,0
S92000003,scotland,12/1/11,25291,7.51,29985.0,,5299900,2663000,,,0
W92000004,wales,12/1/11,23397,7.4,26687.0,,3063758,1361000,,,0
E09000001,city of london,12/1/12,54000,nan,86987.0,36,7604,449000,315,5531,1
E09000002,barking and dagenham,12/1/12,33131,7.09,37059.0,27,190560,55000,3780,71431,1
E09000003,barnet,12/1/12,29594,7.28,33044.0,33,363956,154000,8675,141461,1
E09000004,bexley,12/1/12,27440,7.42,30833.0,54,234271,78000,6429,95240,1
E09000005,brent,12/1/12,27577,7.28,32089.0,43,314660,123000,4323,112643,1
E09000006,bromley,12/1/12,28082,7.6,33859.0,49,314036,122000,15013,135612,1
E09000007,camden,12/1/12,36962,7.24,44832.0,31,224962,344000,2179,100196,1
E09000008,croydon,12/1/12,28974,7.01,33831.0,44,368886,141000,8650,148806,1
E09000009,ealing,12/1/12,31104,7.22,35024.0,41,340671,148000,5554,127872,1
E09000010,enfield,12/1/12,27123,7.24,31749.0,39,317287,117000,8220,122339,1
E09000011,greenwich,12/1/12,30097,7.15,32764.0,40,260068,82000,5044,104509,1
E09000012,hackney,12/1/12,34803,7.07,41030.0,24,252119,112000,1905,103565,1
E09000013,hammersmith and fulham,12/1/12,35136,7.21,44065.0,23,179850,147000,1715,82861,1
E09000014,haringey,12/1/12,29116,7.17,31874.0,32,258912,80000,2960,105456,1
E09000015,harrow,12/1/12,26738,7.37,31817.0,45,242377,79000,5046,86994,1
E09000016,havering,12/1/12,28326,7.36,31759.0,35,239733,84000,11446,99226,1
E09000017,hillingdon,12/1/12,33822,7.37,39849.0,43,281756,213000,11570,104896,1
E09000018,hounslow,12/1/12,31821,7.35,41688.0,35,259052,160000,5659,97472,1
E09000019,islington,12/1/12,36653,7.14,58131.0,31,211047,206000,1486,98096,1
E09000020,kensington and chelsea,12/1/12,30726,7.7,37192.0,26,155930,144000,1238,84900,1
E09000021,kingston upon thames,12/1/12,29067,7.17,36381.0,46,163906,81000,3726,65422,1
E09000022,lambeth,12/1/12,35280,7.08,44271.0,23,310200,152000,2725,133063,1
E09000023,lewisham,12/1/12,29995,7.23,30823.0,20,281556,78000,3532,118839,1
E09000024,merton,12/1/12,28613,7.18,32742.0,39,202225,89000,3762,81429,1
E09000025,newham,12/1/12,30540,7.23,35465.0,21,314084,97000,3857,104121,1
E09000026,redbridge,12/1/12,28100,7.3,30371.0,29,284617,88000,5644,101874,1
E09000027,richmond upon thames,12/1/12,31505,7.4,36411.0,46,189145,92000,5876,82691,1
E09000028,southwark,12/1/12,36056,7.21,47611.0,30,293530,270000,2991,124319,1
E09000029,sutton,12/1/12,25247,7.28,29407.0,37,193630,79000,4385,80283,1
E09000030,tower hamlets,12/1/12,44880,7.32,64782.0,28,263003,253000,2158,108254,1
E09000031,waltham forest,12/1/12,27235,7.24,30738.0,31,262566,77000,3881,98783,1
E09000032,wandsworth,12/1/12,31262,7.26,35295.0,24,308312,136000,3522,135601,1
E09000033,westminster,12/1/12,37649,7,55529.0,22,223858,698000,2203,119245,1
E12000001,north east,12/1/12,23781,7.39,27977.0,37,2602310,1122000,,,0
E12000002,north west,12/1/12,24603,7.41,28989.0,44,7084337,3398000,,,0
E12000003,yorkshire and the humber,12/1/12,24288,7.46,28321.0,43,5316691,2479000,,,0
E12000004,east midlands,12/1/12,24626,7.5,29039.0,47,4567731,2191000,,,0
E12000005,west midlands,12/1/12,24573,7.43,28939.0,44,5642569,2659000,,,0
E12000006,east,12/1/12,26145,,30899.0,49,5907348,2869000,,,0
E12000007,london,12/1/12,34883,7.25,48367.0,34,8308369,5229000,159471,3383029,0
E12000008,south east,12/1/12,28175,7.54,34416.0,43,8724737,4477000,,,0
E12000009,south west,12/1/12,24581,7.55,29058.0,47,5339637,2692000,,,0
E13000001,inner london,12/1/12,38225,,55931.0,,3284967,,32796,1424047,0
E13000002,outer london,12/1/12,29382,,34595.0,,5023402,,126676,1958983,0
E92000001,england,12/1/12,26822,7.44,33529.0,43,53493729,27117000,13303728,23110962,0
K02000001,united kingdom,12/1/12,26472,,32814.0,,63705030,31957000,,,0
K03000001,great britain,12/1/12,26540,,32974.0,,61881396,31132000,,,0
K04000001,england and wales,12/1/12,26633,,33195.0,,56567796,28488000,,,0
N92000002,northern ireland,12/1/12,23944,7.7,27784.0,,1823634,825000,,,0
S92000003,scotland,12/1/12,25780,7.53,30792.0,,5313600,2643000,,,0
W92000004,wales,12/1/12,23617,7.44,26950.0,,3074067,1371000,,,0
E09000001,city of london,12/1/13,54202,nan,83403.0,39,7648,463000,315,5566,1
E09000002,barking and dagenham,12/1/13,32248,7.01,37214.0,25,194352,54000,3780,71937,1
E09000003,barnet,12/1/13,29353,7.4,33766.0,36,369088,159000,8675,142835,1
E09000004,bexley,12/1/13,28512,7.28,32463.0,55,236687,80000,6429,95658,1
E09000005,brent,12/1/13,28034,7.41,34480.0,41,317264,125000,4323,113305,1
E09000006,bromley,12/1/13,28126,7.53,34133.0,50,317899,129000,15013,136304,1
E09000007,camden,12/1/13,36336,7.11,45539.0,29,229719,355000,2179,100760,1
E09000008,croydon,12/1/13,30939,7.36,35213.0,42,372752,130000,8650,149697,1
E09000009,ealing,12/1/13,29733,7.24,33210.0,40,342494,152000,5554,128862,1
E09000010,enfield,12/1/13,25805,7.28,30011.0,39,320524,118000,8220,122888,1
E09000011,greenwich,12/1/13,29251,7.15,33060.0,39,264008,86000,5044,104623,1
E09000012,hackney,12/1/13,33097,7.05,39044.0,25,257379,111000,1905,104365,1
E09000013,hammersmith and fulham,12/1/13,34554,7.4,42349.0,21,178685,141000,1715,83281,1
E09000014,haringey,12/1/13,29609,7.28,32408.0,36,263386,84000,2960,106033,1
E09000015,harrow,12/1/13,25784,7.51,31504.0,49,243373,78000,5046,87709,1
E09000016,havering,12/1/13,29858,7.51,32758.0,32,242080,91000,11446,99463,1
E09000017,hillingdon,12/1/13,35738,7.5,40911.0,43,286808,213000,11570,106363,1
E09000018,hounslow,12/1/13,31173,7.33,38522.0,35,262407,167000,5659,97704,1
E09000019,islington,12/1/13,37325,7.35,56967.0,33,215671,220000,1486,99015,1
E09000020,kensington and chelsea,12/1/13,31307,7.67,37906.0,25,155594,141000,1238,84957,1
E09000021,kingston upon thames,12/1/13,29450,7.43,35167.0,46,166793,80000,3726,65625,1
E09000022,lambeth,12/1/13,35397,7.01,43350.0,21,314242,168000,2725,133598,1
E09000023,lewisham,12/1/13,30478,7.34,30909.0,18,286180,82000,3532,120637,1
E09000024,merton,12/1/13,28610,7.43,31960.0,39,203223,96000,3762,81842,1
E09000025,newham,12/1/13,29334,7.24,32807.0,18,318227,104000,3857,104791,1
E09000026,redbridge,12/1/13,31215,7.47,33442.0,29,288272,84000,5644,102138,1
E09000027,richmond upon thames,12/1/13,31997,7.6,36611.0,43,191365,95000,5876,83176,1
E09000028,southwark,12/1/13,36198,7.58,43807.0,34,298465,256000,2991,125566,1
E09000029,sutton,12/1/13,30061,7.49,33223.0,37,195914,77000,4385,80510,1
E09000030,tower hamlets,12/1/13,46441,7.5,73376.0,28,272890,269000,2158,109215,1
E09000031,waltham forest,12/1/13,,7.34,31143.0,33,265797,81000,3881,99251,1
E09000032,wandsworth,12/1/13,31491,7.43,36917.0,20,310516,134000,3522,136558,1
E09000033,westminster,12/1/13,36946,7.53,51094.0,21,226841,717000,2203,119837,1
E12000001,north east,12/1/13,24113,7.47,28460.0,38,2610481,1132000,,,0
E12000002,north west,12/1/13,25111,7.42,29569.0,46,7103261,3464000,,,0
E12000003,yorkshire and the humber,12/1/13,24933,7.51,28997.0,44,5337711,2523000,,,0
E12000004,east midlands,12/1/13,24918,7.55,29415.0,46,4598431,2186000,,,0
E12000005,west midlands,12/1/13,25328,7.49,30162.0,42,5674712,2700000,,,0
E12000006,east,12/1/13,26514,,31310.0,49,5954316,2888000,,,0
E12000007,london,12/1/13,35173,7.36,47962.0,34,8416543,5341000,159471,3404068,0
E12000008,south east,12/1/13,28315,7.6,34214.0,44,8792766,4565000,,,0
E12000009,south west,12/1/13,25242,7.56,30016.0,47,5377596,2745000,,,0
E13000001,inner london,12/1/13,38274,,55061.0,,3335443,,32796,1434179,0
E13000002,outer london,12/1/13,30148,,34950.0,,5081100,,126676,1969890,0
E92000001,england,12/1/13,27372,7.5,33967.0,43,53865817,27545000,13303728,23235684,0
K02000001,united kingdom,12/1/13,27011,,33283.0,,64105654,32408000,,,0
K03000001,great britain,12/1/13,27105,,33442.0,,62275929,31574000,,,0
K04000001,england and wales,12/1/13,27169,,33639.0,,56948229,28940000,,,0
N92000002,northern ireland,12/1/13,23952,7.73,27839.0,,1829725,834000,,,0
S92000003,scotland,12/1/13,26489,7.58,31486.0,,5327700,2634000,,,0
W92000004,wales,12/1/13,24103,7.52,27518.0,,3082412,1395000,,,0
E09000001,city of london,12/1/14,54710,nan,82808.0,34,8072,498000,315,6003,1
E09000002,barking and dagenham,12/1/14,32698,7.32,36323.0,23,198294,59000,3780,72668,1
E09000003,barnet,12/1/14,31162,7.54,34936.0,38,374915,165000,8675,143948,1
E09000004,bexley,12/1/14,28505,7.52,31878.0,54,239865,80000,6429,96186,1
E09000005,brent,12/1/14,29514,7.24,33484.0,35,320762,131000,4323,114039,1
E09000006,bromley,12/1/14,27926,7.71,33458.0,48,321278,127000,15013,136453,1
E09000007,camden,12/1/14,36748,7.25,44629.0,26,234846,379000,2179,101214,1
E09000008,croydon,12/1/14,31154,7.35,34769.0,40,376040,142000,8650,150992,1
E09000009,ealing,12/1/14,28825,7.6,32716.0,40,342118,159000,5554,129631,1
E09000010,enfield,12/1/14,25805,7.45,29804.0,39,324574,127000,8220,123400,1
E09000011,greenwich,12/1/14,28954,7.33,31690.0,34,268678,95000,5044,105735,1
E09000012,hackney,12/1/14,33116,7.43,40241.0,25,263150,131000,1905,105490,1
E09000013,hammersmith and fulham,12/1/14,33688,7.56,38677.0,21,178365,148000,1715,83907,1
E09000014,haringey,12/1/14,30325,7.38,33616.0,37,267541,90000,2960,106507,1
E09000015,harrow,12/1/14,26037,7.49,29957.0,45,246011,89000,5046,88004,1
E09000016,havering,12/1/14,30003,7.62,33536.0,32,245974,90000,11446,99619,1
E09000017,hillingdon,12/1/14,33984,7.63,42606.0,44,292690,220000,11570,106917,1
E09000018,hounslow,12/1/14,33038,7.57,41473.0,35,265568,164000,5659,98390,1
E09000019,islington,12/1/14,36751,7.36,59007.0,33,221030,231000,1486,100258,1
E09000020,kensington and chelsea,12/1/14,30002,7.65,36844.0,25,156190,141000,1238,85553,1
E09000021,kingston upon thames,12/1/14,30768,7.52,35833.0,46,169958,82000,3726,65886,1
E09000022,lambeth,12/1/14,34491,7.41,44566.0,28,318216,180000,2725,134852,1
E09000023,lewisham,12/1/14,29983,7.33,32256.0,17,291933,88000,3532,121350,1
E09000024,merton,12/1/14,27539,7.64,31917.0,38,203515,97000,3762,82282,1
E09000025,newham,12/1/14,29061,7.54,33619.0,17,324322,112000,3857,106760,1
E09000026,redbridge,12/1/14,31127,7.55,33732.0,29,293055,89000,5644,102396,1
E09000027,richmond upon thames,12/1/14,31533,7.54,36975.0,41,193585,95000,5876,83540,1
E09000028,southwark,12/1/14,34612,7.43,40893.0,35,302538,282000,2991,127217,1
E09000029,sutton,12/1/14,25797,7.6,30752.0,38,198134,78000,4385,80810,1
E09000030,tower hamlets,12/1/14,48309,7.54,74087.0,28,284015,278000,2158,109875,1
E09000031,waltham forest,12/1/14,26484,7.64,28426.0,36,268020,84000,3881,99640,1
E09000032,wandsworth,12/1/14,31085,7.47,35182.0,21,312145,134000,3522,137757,1
E09000033,westminster,12/1/14,37260,7.45,51099.0,19,233292,737000,2203,120367,1
E12000001,north east,12/1/14,24904,7.57,28957.0,38,2618710,1162000,,,0
E12000002,north west,12/1/14,25262,7.56,29901.0,47,7132991,3523000,,,0
E12000003,yorkshire and the humber,12/1/14,24999,7.55,28957.0,44,5360027,2585000,,,0
E12000004,east midlands,12/1/14,25000,7.64,29346.0,45,4637413,2232000,,,0
E12000005,west midlands,12/1/14,24963,7.57,29550.0,42,5713284,2742000,,,0
E12000006,east,12/1/14,26817,,32035.0,49,6018383,2979000,,,0
E12000007,london,12/1/14,35034,7.49,48263.0,33,8538689,5603000,159471,3427645,0
E12000008,south east,12/1/14,28607,7.73,34646.0,45,8873818,4651000,,,0
E12000009,south west,12/1/14,25585,7.66,30163.0,48,5423303,2849000,,,0
E13000001,inner london,12/1/14,38229,,55238.0,,3395655,,32796,1447110,0
E13000002,outer london,12/1/14,30000,,35118.0,,5143034,,126676,1980536,0
E92000001,england,12/1/14,27485,7.6,34214.0,44,54316618,28327000,13303728,23372289,0
K02000001,united kingdom,12/1/14,27215,,33516.0,,64596752,33305000,,,0
K03000001,great britain,12/1/14,27297,,33662.0,,62756254,32456000,,,0
K04000001,england and wales,12/1/14,27321,,33881.0,,57408654,29723000,,,0
N92000002,northern ireland,12/1/14,24491,7.89,28263.0,,1840498,848000,,,0
S92000003,scotland,12/1/14,27038,7.66,31484.0,,5347600,2733000,,,0
W92000004,wales,12/1/14,24453,7.56,27759.0,,3092036,1396000,,,0
E09000001,city of london,12/1/15,54034,nan,77754.0,31,8760,541000,315,6229,1
E09000002,barking and dagenham,12/1/15,33018,7.45,36705.0,19,201979,62000,3780,73182,1
E09000003,barnet,12/1/15,30900,7.53,34730.0,37,379691,168000,8675,145272,1
E09000004,bexley,12/1/15,29664,7.41,33367.0,52,242142,86000,6429,96996,1
E09000005,brent,12/1/15,29987,7.55,34281.0,36,324012,136000,4323,115598,1
E09000006,bromley,12/1/15,30444,7.54,35238.0,46,324857,124000,15013,136864,1
E09000007,camden,12/1/15,36970,7.35,45489.0,25,241059,383000,2179,101653,1
E09000008,croydon,12/1/15,30628,7.45,34199.0,38,379031,144000,8650,152515,1
E09000009,ealing,12/1/15,28657,7.65,31980.0,43,343059,163000,5554,130528,1
E09000010,enfield,12/1/15,26230,7.3,31041.0,36,328433,133000,8220,123799,1
E09000011,greenwich,12/1/15,30497,7.23,33856.0,35,274803,96000,5044,106883,1
E09000012,hackney,12/1/15,31566,7.31,38327.0,25,269009,136000,1905,106748,1
E09000013,hammersmith and fulham,12/1/15,34652,7.68,38176.0,22,179410,154000,1715,85267,1
E09000014,haringey,12/1/15,30072,7.26,33919.0,36,272864,93000,2960,106640,1
E09000015,harrow,12/1/15,26770,7.65,31404.0,41,247130,88000,5046,88414,1
E09000016,havering,12/1/15,30591,7.69,33850.0,32,249085,93000,11446,100261,1
E09000017,hillingdon,12/1/15,32681,7.46,40529.0,44,297735,202000,11570,107462,1
E09000018,hounslow,12/1/15,33717,7.54,43037.0,34,268770,187000,5659,98787,1
E09000019,islington,12/1/15,36679,7.29,49576.0,29,227692,250000,1486,100756,1
E09000020,kensington and chelsea,12/1/15,31524,7.78,38848.0,26,157711,150000,1238,86537,1
E09000021,kingston upon thames,12/1/15,28635,7.71,31728.0,46,173525,95000,3726,66412,1
E09000022,lambeth,12/1/15,34852,7.41,45180.0,29,324431,185000,2725,136263,1
E09000023,lewisham,12/1/15,30932,7.14,32602.0,18,297325,83000,3532,122818,1
E09000024,merton,12/1/15,30040,7.56,32907.0,35,204565,98000,3762,82707,1
E09000025,newham,12/1/15,28886,7.73,33127.0,15,332817,114000,3857,108810,1
E09000026,redbridge,12/1/15,29098,7.87,33182.0,28,296793,92000,5644,102653,1
E09000027,richmond upon thames,12/1/15,32660,7.74,38060.0,41,194730,102000,5876,83781,1
E09000028,southwark,12/1/15,36238,7.49,42316.0,35,308901,289000,2991,128358,1
E09000029,sutton,12/1/15,27355,7.45,32427.0,35,200145,80000,4385,81237,1
E09000030,tower hamlets,12/1/15,46681,7.48,67320.0,27,295236,298000,2158,110791,1
E09000031,waltham forest,12/1/15,29352,7.55,30911.0,35,271170,86000,3881,100311,1
E09000032,wandsworth,12/1/15,31968,7.53,37251.0,21,314544,144000,3522,138841,1
E09000033,westminster,12/1/15,39392,7.6,53316.0,17,242299,756000,2203,121116,1
E12000001,north east,12/1/15,25347,7.62,29989.0,38,2624621,1196000,,,0
E12000002,north west,12/1/15,25667,7.55,30351.0,47,7173835,3603000,,,0
E12000003,yorkshire and the humber,12/1/15,25194,7.65,29371.0,44,5390576,2694000,,,0
E12000004,east midlands,12/1/15,25003,7.74,29407.0,45,4677038,2304000,,,0
E12000005,west midlands,12/1/15,25682,7.62,30179.0,42,5751000,2818000,,,0
E12000006,east,12/1/15,27300,,32484.0,49,6076451,3053000,,,0
E12000007,london,12/1/15,35303,7.5,46946.0,33,8673713,5810000,159471,3454488,0
E12000008,south east,12/1/15,29031,7.74,35151.0,45,8947913,4836000,,,0
E12000009,south west,12/1/15,25950,7.73,30591.0,48,5471180,2904000,,,0
E13000001,inner london,12/1/15,38803,,53152.0,,3472058,,32796,1460827,0
E13000002,outer london,12/1/15,30382,,35206.0,,5201655,,126676,1993662,0
E92000001,england,12/1/15,27841,7.64,34231.0,43,54786327,29219000,13303728,23542982,0
K02000001,united kingdom,12/1/15,27615,,33644.0,,65110034,34270000,,,0
K03000001,great britain,12/1/15,27682,,33777.0,,63258413,33409000,,,0
K04000001,england and wales,12/1/15,27680,,33933.0,,57885413,30651000,,,0
N92000002,northern ireland,12/1/15,25719,7.85,29376.0,,1851621,861000,,,0
S92000003,scotland,12/1/15,27687,7.68,32217.0,,5373000,2758000,,,0
W92000004,wales,12/1/15,24869,7.63,28359.0,,3099086,1433000,,,0
E09000001,city of london,12/1/16,55487,nan,79489.0,29,9401,586000,315,6306,1
E09000002,barking and dagenham,12/1/16,30994,7.5,37959.0,25,206460,63000,3780,73914,1
E09000003,barnet,12/1/16,32623,7.47,35315.0,37,386083,169000,8675,146730,1
E09000004,bexley,12/1/16,,7.46,32666.0,53,244760,86000,6429,96864,1
E09000005,brent,12/1/16,30699,7.67,36579.0,36,328254,148000,4323,116649,1
E09000006,bromley,12/1/16,30861,7.6,35338.0,47,326889,134000,15013,137564,1
E09000007,camden,12/1/16,37817,7.56,45644.0,27,246181,394000,2179,102618,1
E09000008,croydon,12/1/16,31479,7.68,,39,382304,149000,8650,154559,1
E09000009,ealing,12/1/16,29241,7.42,34468.0,51,343196,168000,5554,131249,1
E09000010,enfield,12/1/16,28918,7.29,33076.0,37,331395,129000,8220,124471,1
E09000011,greenwich,12/1/16,30180,7.28,33568.0,35,279766,96000,5044,108603,1
E09000012,hackney,12/1/16,32404,7.26,39387.0,27,273526,143000,1905,107574,1
E09000013,hammersmith and fulham,12/1/16,35000,7.47,40291.0,23,179654,157000,1715,85635,1
E09000014,haringey,12/1/16,29753,7.56,32799.0,36,278451,92000,2960,106879,1
E09000015,harrow,12/1/16,30134,7.64,34743.0,40,248752,93000,5046,89324,1
E09000016,havering,12/1/16,28906,7.53,33025.0,37,252783,100000,11446,101273,1
E09000017,hillingdon,12/1/16,33093,7.68,39729.0,43,302471,204000,11570,108171,1
E09000018,hounslow,12/1/16,36235,7.96,47577.0,30,271139,197000,5659,99267,1
E09000019,islington,12/1/16,39894,7.38,52885.0,32,232865,251000,1486,101783,1
E09000020,kensington and chelsea,12/1/16,30008,7.52,35249.0,26,156726,153000,1238,86921,1
E09000021,kingston upon thames,12/1/16,30729,7.69,34343.0,47,176107,99000,3726,66651,1
E09000022,lambeth,12/1/16,34670,7.35,41335.0,29,327910,175000,2725,137610,1
E09000023,lewisham,12/1/16,32217,7.18,34588.0,18,301867,84000,3532,124357,1
E09000024,merton,12/1/16,28224,7.62,34199.0,36,205029,94000,3762,83215,1
E09000025,newham,12/1/16,30743,7.61,36946.0,14,340978,125000,3857,110251,1
E09000026,redbridge,12/1/16,28237,7.57,32190.0,27,299249,94000,5644,102707,1
E09000027,richmond upon thames,12/1/16,33329,7.71,38572.0,42,195846,108000,5876,84294,1
E09000028,southwark,12/1/16,37159,7.37,42583.0,34,313223,307000,2991,129740,1
E09000029,sutton,12/1/16,28318,7.66,34818.0,37,202220,84000,4385,81628,1
E09000030,tower hamlets,12/1/16,45975,7.75,64345.0,28,304854,303000,2158,113185,1
E09000031,waltham forest,12/1/16,27455,7.67,30172.0,34,275843,86000,3881,101284,1
E09000032,wandsworth,12/1/16,33405,7.64,37651.0,22,316096,146000,3522,141579,1
E09000033,westminster,12/1/16,40000,7.68,53888.0,17,247614,765000,2203,122024,1
E12000001,north east,12/1/16,25561,7.61,29574.0,36,2636848,1173000,,,0
E12000002,north west,12/1/16,26220,7.59,31145.0,46,7219623,3726000,,,0
E12000003,yorkshire and the humber,12/1/16,25946,7.69,29811.0,43,5425741,2735000,,,0
E12000004,east midlands,12/1/16,25474,7.73,30085.0,46,4724437,2398000,,,0
E12000005,west midlands,12/1/16,26352,7.67,31295.0,41,5800734,2882000,,,0
E12000006,east,12/1/16,27892,,33026.0,49,6130542,3163000,,,0
E12000007,london,12/1/16,36170,7.54,47924.0,33,8787892,5982000,159471,3484878,0
E12000008,south east,12/1/16,29700,7.76,35879.0,46,9026297,4970000,,,0
E12000009,south west,12/1/16,26372,7.76,31177.0,48,5515953,2943000,,,0
E13000001,inner london,12/1/16,39653,,53688.0,,3529346,,32796,1476462,0
E13000002,outer london,12/1/16,31018,,36862.0,,5258546,,126676,2008417,0
E92000001,england,12/1/16,28496,7.68,35053.0,44,55268067,29972000,13303728,23732627,0
K02000001,united kingdom,12/1/16,28195,,34447.0,,65648054,35175000,,,0
K03000001,great britain,12/1/16,28279,,34588.0,,63785917,34293000,,,0
K04000001,england and wales,12/1/16,28325,,34758.0,,58381217,31445000,,,0
N92000002,northern ireland,12/1/16,25978,7.88,30189.0,,1862137,882000,,,0
S92000003,scotland,12/1/16,27925,7.68,32872.0,,5404700,2849000,,,0
W92000004,wales,12/1/16,25440,7.65,29150.0,,3113150,1472000,,,0
E09000001,city of london,12/1/17,56295,nan,80655.0,29,7654,626000,315,6313,1
E09000002,barking and dagenham,12/1/17,28553,7.66,32093.0,25,210711,66000,3780,74510,1
E09000003,barnet,12/1/17,32143,7.63,36818.0,37,387803,176000,8675,148529,1
E09000004,bexley,12/1/17,30733,7.42,33857.0,52,246124,91000,6429,97628,1
E09000005,brent,12/1/17,30134,7.79,35840.0,37,329102,157000,4323,118013,1
E09000006,bromley,12/1/17,29819,7.31,34354.0,50,329391,134000,15013,138422,1
E09000007,camden,12/1/17,38147,7.31,44970.0,30,253361,398000,2179,103826,1
E09000008,croydon,12/1/17,32109,7.49,35839.0,38,384837,155000,8650,157394,1
E09000009,ealing,12/1/17,30259,7.55,36039.0,49,342736,168000,5554,132094,1
E09000010,enfield,12/1/17,29134,7.34,34096.0,36,332705,126000,8220,125369,1
E09000011,greenwich,12/1/17,32635,7.47,35702.0,35,282849,102000,5044,110983,1
E09000012,hackney,12/1/17,33618,7.34,42457.0,27,275929,139000,1905,108770,1
E09000013,hammersmith and fulham,12/1/17,36972,7.34,45218.0,24,182998,159000,1715,86609,1
E09000014,haringey,12/1/17,31442,7.6,35729.0,33,271224,92000,2960,107620,1
E09000015,harrow,12/1/17,31255,7.79,39293.0,41,248880,97000,5046,89980,1
E09000016,havering,12/1/17,29134,7.58,33432.0,37,256039,103000,11446,101716,1
E09000017,hillingdon,12/1/17,33596,7.55,41156.0,40,302343,216000,11570,108935,1
E09000018,hounslow,12/1/17,34119,7.34,42932.0,30,269100,186000,5659,99824,1
E09000019,islington,12/1/17,39348,7.38,52752.0,29,235000,247000,1486,102457,1
E09000020,kensington and chelsea,12/1/17,31678,7.31,38625.0,26,155741,166000,1238,87276,1
E09000021,kingston upon thames,12/1/17,31308,7.6,36139.0,48,174609,100000,3726,66924,1
E09000022,lambeth,12/1/17,35036,7.42,40458.0,30,324048,188000,2725,138745,1
E09000023,lewisham,12/1/17,33294,7.31,35454.0,22,301307,88000,3532,125961,1
E09000024,merton,12/1/17,29627,7.55,35907.0,37,206052,104000,3762,83649,1
E09000025,newham,12/1/17,30770,7.47,38661.0,14,347996,125000,3857,112628,1
E09000026,redbridge,12/1/17,29189,7.55,32792.0,24,301785,97000,5644,103462,1
E09000027,richmond upon thames,12/1/17,32141,7.73,39407.0,42,195680,106000,5876,84759,1
E09000028,southwark,12/1/17,37601,7.47,44008.0,35,314232,317000,2991,132152,1
E09000029,sutton,12/1/17,27945,7.91,35113.0,50,203243,85000,4385,82281,1
E09000030,tower hamlets,12/1/17,49369,7.51,75103.0,26,307964,317000,2158,118012,1
E09000031,waltham forest,12/1/17,28284,7.73,31049.0,32,275505,88000,3881,102317,1
E09000032,wandsworth,12/1/17,33137,7.64,40076.0,22,323257,151000,3522,143915,1
E09000033,westminster,12/1/17,42152,7.57,59878.0,19,244796,754000,2203,123366,1
E12000001,north east,12/1/17,25904,7.66,30415.0,35,2644727,1208000,,,0
E12000002,north west,12/1/17,26754,7.68,31733.0,45,7258627,3778000,,,0
E12000003,yorkshire and the humber,12/1/17,26309,7.66,30484.0,42,,2759000,,,0
E12000004,east midlands,12/1/17,25882,7.72,30566.0,44,4771666,2389000,,,0
E12000005,west midlands,12/1/17,26837,7.67,31930.0,40,5860706,2990000,,,0
E12000006,east,12/1/17,28456,,33887.0,49,6168432,3218000,,,0
E12000007,london,12/1/17,37171,7.52,50285.0,33,8825001,6125000,159471,3524438,0
E12000008,south east,12/1/17,30236,7.76,36442.0,47,9080825,4897000,,,0
E12000009,south west,12/1/17,27119,7.76,31645.0,49,5559316,2993000,,,0
E13000001,inner london,12/1/17,40675,,56859.0,,3545507,,32796,1497650,0
E13000002,outer london,12/1/17,31298,,36752.0,,5279494,,126676,2026789,0
E92000001,england,12/1/17,29083,7.68,36076.0,43,55619430,30359000,13303728,23949972,0
K02000001,united kingdom,12/1/17,28759,,35398.0,,66040229,35547000,,,0
K03000001,great britain,12/1/17,28869,,35564.0,,64169395,34656000,,,0
K04000001,england and wales,12/1/17,28939,,35779.0,,58744595,31823000,,,0
N92000002,northern ireland,12/1/17,25935,7.92,30254.0,,1870834,891000,,,0
S92000003,scotland,12/1/17,28335,7.71,33383.0,,5424800,2833000,,,0
W92000004,wales,12/1/17,26026,7.69,29976.0,,3125165,1464000,,,0
E09000001,city of london,12/1/18,61203,nan,90028.0,30,8706,640000,315,6451,1
E09000002,barking and dagenham,12/1/18,29995,7.52,32671.0,24,211998,66000,3780,74923,1
E09000003,barnet,12/1/18,29927,7.55,36776.0,35,392140,170000,8675,150737,1
E09000004,bexley,12/1/18,,7.54,34496.0,54,247258,87000,6429,97905,1
E09000005,brent,12/1/18,30366,7.71,35830.0,37,330795,157000,4323,118707,1
E09000006,bromley,12/1/18,30762,7.57,35201.0,50,331096,127000,15013,138976,1
E09000007,camden,12/1/18,39198,7.48,46502.0,31,262226,403000,2179,104771,1
E09000008,croydon,12/1/18,33804,7.69,36880.0,47,385346,149000,8650,159470,1
E09000009,ealing,12/1/18,29928,7.53,36304.0,53,341982,148000,5554,133551,1
E09000010,enfield,12/1/18,29238,7.37,37030.0,33,333869,133000,8220,125755,1
E09000011,greenwich,12/1/18,33163,7.54,36288.0,33,286186,106000,5044,112884,1
E09000012,hackney,12/1/18,35286,7.5,40439.0,28,279665,152000,1905,110037,1
E09000013,hammersmith and fulham,12/1/18,40972,7.72,44781.0,24,185426,155000,1715,88140,1
E09000014,haringey,12/1/18,29801,7.35,34178.0,29,270624,91000,2960,108820,1
E09000015,harrow,12/1/18,30553,7.65,35325.0,40,250149,91000,5046,90680,1
E09000016,havering,12/1/18,30181,7.68,34484.0,37,257810,108000,11446,101993,1
E09000017,hillingdon,12/1/18,31886,7.76,39670.0,37,304824,209000,11570,109777,1
E09000018,hounslow,12/1/18,35935,7.85,46102.0,31,270782,178000,5659,100735,1
E09000019,islington,12/1/18,40000,7.51,53489.0,29,239142,255000,1486,102824,1
E09000020,kensington and chelsea,12/1/18,32976,7.23,42099.0,27,156197,164000,1238,87611,1
E09000021,kingston upon thames,12/1/18,,7.78,36282.0,49,175470,96000,3726,67141,1
E09000022,lambeth,12/1/18,36200,7.22,44814.0,30,325917,180000,2725,140288,1
E09000023,lewisham,12/1/18,29966,7.49,33493.0,28,303536,84000,3532,126487,1
E09000024,merton,12/1/18,31182,7.84,,39,206186,108000,3762,84297,1
E09000025,newham,12/1/18,30392,7.54,37849.0,17,352005,139000,3857,114474,1
E09000026,redbridge,12/1/18,,7.54,31990.0,25,303858,92000,5644,103924,1
E09000027,richmond upon thames,12/1/18,34027,7.7,40427.0,43,196904,111000,5876,85141,1
E09000028,southwark,12/1/18,39998,7.34,48333.0,35,317256,329000,2991,132970,1
E09000029,sutton,12/1/18,28853,7.88,32442.0,49,204525,78000,4385,82978,1
E09000030,tower hamlets,12/1/18,49237,7.82,69806.0,23,317705,333000,2158,120015,1
E09000031,waltham forest,12/1/18,30298,7.46,32875.0,32,276700,88000,3881,103029,1
E09000032,wandsworth,12/1/18,34501,7.65,45317.0,23,326474,147000,3522,146162,1
E09000033,westminster,12/1/18,43015,7.66,63792.0,22,255324,775000,2203,124509,1
E12000001,north east,12/1/18,26355,7.67,31093.0,35,2657909,1206000,,,0
E12000002,north west,12/1/18,27376,7.69,32710.0,45,7292093,3814000,,,0
E12000003,yorkshire and the humber,12/1/18,26892,7.7,31719.0,43,,2773000,,,0
E12000004,east midlands,12/1/18,26711,7.76,31553.0,44,4804149,2387000,,,0
E12000005,west midlands,12/1/18,27682,7.7,33067.0,40,5900757,2960000,,,0
E12000006,east,12/1/18,29153,,34939.0,49,6201214,3257000,,,0
E12000007,london,12/1/18,38146,7.58,52629.0,33,8908081,6148000,159471,3556161,0
E12000008,south east,12/1/18,30849,7.79,37020.0,47,9133625,4937000,,,0
E12000009,south west,12/1/18,27956,7.77,32848.0,50,5599735,3011000,,,0
E13000001,inner london,12/1/18,42153,,59567.0,,3600203,,32796,1513559,0
E13000002,outer london,12/1/18,31031,,37173.0,,5307878,,126676,2042603,0
E92000001,england,12/1/18,29856,7.71,37313.0,44,55977178,30493000,13303728,24172166,0
K02000001,united kingdom,12/1/18,29559,,36593.0,,66435550,35750000,,,0
K03000001,great britain,12/1/18,29633,,36757.0,,64553909,34850000,,,0
K04000001,england and wales,12/1/18,29667,,36973.0,,59115809,31989000,,,0
N92000002,northern ireland,12/1/18,27101,7.89,31158.0,,1881641,900000,,,0
S92000003,scotland,12/1/18,29289,7.69,34604.0,,5438100,2861000,,,0
W92000004,wales,12/1/18,26353,7.68,30347.0,,3138631,1496000,,,0
E09000001,city of london,12/1/19,61636,,88342.0,,,,,,1
E09000002,barking and dagenham,12/1/19,28738,,32010.0,,,,,,1
E09000003,barnet,12/1/19,31624,,37328.0,,,,,,1
E09000004,bexley,12/1/19,31642,,33978.0,,,,,,1
E09000005,brent,12/1/19,31739,,36816.0,,,,,,1
E09000006,bromley,12/1/19,,,37564.0,,,,,,1
E09000007,camden,12/1/19,40196,,49115.0,,,,,,1
E09000008,croydon,12/1/19,35237,,38363.0,,,,,,1
E09000009,ealing,12/1/19,31021,,36420.0,,,,,,1
E09000010,enfield,12/1/19,28258,,36320.0,,,,,,1
E09000011,greenwich,12/1/19,33081,,36425.0,,,,,,1
E09000012,hackney,12/1/19,35020,,42067.0,,,,,,1
E09000013,hammersmith and fulham,12/1/19,37990,,48362.0,,,,,,1
E09000014,haringey,12/1/19,30452,,35251.0,,,,,,1
E09000015,harrow,12/1/19,32809,,37172.0,,,,,,1
E09000016,havering,12/1/19,32321,,37161.0,,,,,,1
E09000017,hillingdon,12/1/19,35231,,41686.0,,,,,,1
E09000018,hounslow,12/1/19,36487,,50418.0,,,,,,1
E09000019,islington,12/1/19,41076,,53466.0,,,,,,1
E09000020,kensington and chelsea,12/1/19,33000,,41741.0,,,,,,1
E09000021,kingston upon thames,12/1/19,32138,,37666.0,,,,,,1
E09000022,lambeth,12/1/19,36825,,48004.0,,,,,,1
E09000023,lewisham,12/1/19,32334,,36036.0,,,,,,1
E09000024,merton,12/1/19,31699,,,,,,,,1
E09000025,newham,12/1/19,33944,,41592.0,,,,,,1
E09000026,redbridge,12/1/19,29108,,34096.0,,,,,,1
E09000027,richmond upon thames,12/1/19,35191,,42092.0,,,,,,1
E09000028,southwark,12/1/19,40303,,47811.0,,,,,,1
E09000029,sutton,12/1/19,32947,,37392.0,,,,,,1
E09000030,tower hamlets,12/1/19,46142,,69434.0,,,,,,1
E09000031,waltham forest,12/1/19,30718,,33119.0,,,,,,1
E09000032,wandsworth,12/1/19,34168,,39617.0,,,,,,1
E09000033,westminster,12/1/19,43556,,60010.0,,,,,,1
E12000001,north east,12/1/19,27187,,31852.0,,,,,,0
E12000002,north west,12/1/19,28137,,33479.0,,,,,,0
E12000003,yorkshire and the humber,12/1/19,27835,,32653.0,,,,,,0
E12000004,east midlands,12/1/19,28000,,32639.0,,,,,,0
E12000005,west midlands,12/1/19,28536,,34247.0,,,,,,0
E12000006,east,12/1/19,30345,,36143.0,,,,,,0
E12000007,london,12/1/19,38992,,53100.0,,,,,,0
E12000008,south east,12/1/19,32120,,38715.0,,,,,,0
E12000009,south west,12/1/19,28654,,33543.0,,,,,,0
E13000001,inner london,12/1/19,nan,,59987.0,,,,,,0
E13000002,outer london,12/1/19,nan,,38614.0,,,,,,0
E92000001,england,12/1/19,30667,,38206.0,,,,,,0
K02000001,united kingdom,12/1/19,30353,,37428.0,,,,,,0
K03000001,great britain,12/1/19,30446,,37603.0,,,,,,0
K04000001,england and wales,12/1/19,30500,,37865.0,,,,,,0
N92000002,northern ireland,12/1/19,27434,,32083.0,,,,,,0
S92000003,scotland,12/1/19,30000,,34916.0,,,,,,0
W92000004,wales,12/1/19,27500,,31251.0,,,,,,0